id_aerodromo,ciad,codigo_oaci,tipo_uso,nome,municipio,uf,municipio_servido,uf_servido,latitude,longitude,altitude_m,operacao_diurna,operacao_noturna,pista1_id,pista1_designacao,pista1_comprimento_m,pista1_largura_m,pista1_resistencia_kg,pista1_resistencia_mpa,pista1_resistencia_pcn,pista1_superficie,pista1_luzes_eixo,pista1_luzes_borda,situacao,classe_rbac153,perfil_operacional_rbac153,classe_rbac107,operacao_internacional,certificacao_operacional,validade_cadastro,link_portaria_cadastro,restricao,amazonia_legal
1,AC0001,SBRB,Público,Plácido de Castro,RIO BRANCO,AC,Rio Branco,AC,-9.868333,-67.898056,193.0,VFR / IFR,VFR / IFR,11461,06/24,2158.0,45.0,,,78/F/D/X/T,Asfalto,,true,Cadastrado,2,,AP-1,Público Táxi Aéreo e Aviação Geral (RNS) / Público Regular ou Charter exclusivamente de voos alternados (AS),false,2028-08-23,https://pergamum.anac.gov.br/arquivos/PA2018-2577.pdf,,true
2,AC0002,SBCZ,Público,Cruzeiro do Sul,CRUZEIRO DO SUL,AC,Cruzeiro do Sul,AC,-7.599444,-72.769444,194.0,VFR / IFR,VFR / IFR,781,10/28,2400.0,45.0,,,32/F/A/X/T,Asfalto,,true,Cadastrado,1,RBAC 121,AP-1,Público Táxi Aéreo e Aviação Geral (RNS),false,2032-11-18,https://pergamum.anac.gov.br/arquivos/PA2022-9640.pdf,,true
3,AM0002,SWFN,Público,Flores,MANAUS,AM,Manaus,AM,-3.072778,-60.021111,62.0,,,1007,11/29,799.0,30.0,5700.0,0.5,,Asfalto,,,Cadastrado,1,Outras Operações,AP-0,,false,2027-05-10,https://pergamum.anac.gov.br/arquivos/PA1581-2017.pdf,,true
4,AM0004,SBTF,Público,Prefeito Orlando Marinho,TEFÉ,AM,Tefé,AM,-3.380278,-64.725278,57.0,VFR / IFR,VFR / IFR,857,15/33,2200.0,45.0,,,29/F/C/X/U,Asfalto,false,true,Cadastrado,1,RBAC 121,AP-1,,false,2027-11-13,https://pergamum.anac.gov.br/arquivos/PA2022-9830.pdf,,true
5,AM0006,SWPI,Público,Parintins,PARINTINS,AM,Parintins,AM,-2.673611,-56.7775,25.0,VFR,VFR,816,06/24,1801.0,30.0,,,33/F/B/X/T,Asfalto,false,true,Cadastrado,1,RBAC 121,AP-1,,false,2033-06-29,https://pergamum.anac.gov.br/arquivos/PA2023-11746.pdf,,true
6,AM0007,SWCA,Público,Carauari,CARAUARI,AM,Carauari,AM,-4.871389,-66.8975,108.0,VFR,Sem Operação,936,04/22,1665.0,18.0,,,12/F/C/Y/T,Asfalto,false,false,Cadastrado,1,RBAC 121,AP-1,,false,2027-09-06,https://pergamum.anac.gov.br/arquivos/PA2017-3045.pdf,,true
7,AM0009,SWEI,Público,Eirunepé,EIRUNEPÉ,AM,Eirunepé,AM,-6.639444,-69.879722,122.0,VFR,Sem Operação,972,16/34,2300.0,45.0,,,30/F/C/X/U,Asfalto,,,Cadastrado,1,,AP-1,,true,2033-04-03,https://pergamum.anac.gov.br/arquivos/PA2023-10757.pdf,,true
8,AM0013,SWII,Público,Ipiranga,SANTO ANTÔNIO DO IÇÁ,AM,Santo Antônio do Içá,AM,-2.940278,-69.694167,67.0,VFR,,782,01/19,1500.0,30.0,,,13/R/C/W/U,Concreto,,,Cadastrado,1,Outras Operações,AP-0,,false,2033-03-07,https://pergamum.anac.gov.br/arquivos/PA2023-10581.pdf,,true
9,AM0015,SBMY,Público,Manicoré,MANICORÉ,AM,Manicoré,AM,-5.811111,-61.278333,53.0,VFR,,817,05/23,1265.0,30.0,,,12/F/C/Y/U,Asfalto,,,Cadastrado,1,RBAC 135 Regular,AP-1,,false,2032-12-01,https://pergamum.anac.gov.br/arquivos/PA2022-9831.pdf,,true
10,AM0016,SDCG,Público,Senadora Eunice Michiles,SÃO PAULO DE OLIVENÇA,AM,São Paulo de Olivença,AM,-3.469167,-68.921111,102.0,,,818,04/22,1200.0,23.0,,,6/R/B/Y/T,Concreto,,,Cadastrado,1,Outras Operações,AP-0,,false,2028-05-29,https://pergamum.anac.gov.br/arquivos/PA2022-6999.pdf,Proibição de operações de pouso de aeronaves de asa fixa com motor à reação (turbojato).,true
11,AM0022,SWTP,Público,SANTA ISABEL DO RIO NEGRO,SANTA ISABEL DO RIO NEGRO,AM,Santa Isabel do Rio Negro,AM,-0.378611,-64.993056,43.0,VFR,Sem Operação,937,09/27,1200.0,30.0,,,8/F/C/Y/U,Asfalto,false,false,Cadastrado,1,RBAC 135 Regular,AP-1,,false,2032-08-17,https://pergamum.anac.gov.br/arquivos/PA2022-8873.pdf,Proibição de operações noturnas.,true
12,AP0001,SBMQ,Público,Alberto Alcolumbre,MACAPÁ,AP,Macapá,AP,0.050556,-51.072222,17.0,VFR / IFR,VFR / IFR,858,08/26,2100.0,45.0,,,48/F/C/X/T,Asfalto,,true,Cadastrado,2,,AP-1,Público Táxi Aéreo e Aviação Geral (RNS) / Público Regular ou Charter exclusivamente de voos alternados (AS),false,2027-11-13,https://pergamum.anac.gov.br/arquivos/PA2022-9619.pdf,,true
138,PA0001,SBBE,Público,INTERNACIONAL DE BELÉM/VAL DE CANS/JÚLIO CEZAR RIBEIRO,BELÉM,PA,Belém,PA,-1.384722,-48.478889,17.0,,,797,02/20,1830.0,45.0,,,50/F/A/X/T,Asfalto,,true,Cadastrado,3,,AP-2,Público Regular ou Charter (RS),false,2026-07-25,https://pergamum.anac.gov.br/arquivos/PA2016-1883.pdf,,true
139,PA0003,SBHT,Público,Altamira,ALTAMIRA,PA,Altamira,PA,-3.250833,-52.252222,112.0,VFR / IFR,VFR / IFR,918,07/25,2003.0,30.0,,,36/F/A/X/T,Asfalto,,true,Cadastrado,1,RBAC 121,AP-1,,false,2027-08-25,https://pergamum.anac.gov.br/arquivos/PA2017-2887.pdf,,true
140,PA0004,SBMA,Público,João Corrêa da Rocha,MARABÁ,PA,Marabá,PA,-5.368056,-49.138056,109.0,,,834,07/25,2000.0,45.0,,,40/F/C/X/U,Asfalto,false,true,Cadastrado,2,,AP-1,,false,2028-04-17,https://pergamum.anac.gov.br/arquivos/PA2018-1179.pdf,,true
142,PA0006,SBCJ,Público,Carajás,PARAUAPEBAS,PA,Parauapebas,PA,-6.115278,-50.001389,629.0,VFR / IFR,VFR / IFR,836,10/28,2000.0,45.0,,,41/F/B/X/T,Asfalto,,true,Cadastrado,1,RBAC 121,AP-1,,false,2023-12-06,https://pergamum.anac.gov.br/arquivos/PA2013-3204.pdf,,true
143,PA0015,SNVS,Público,Breves,BREVES,PA,Breves,PA,-1.636389,-50.443333,30.0,VFR,,986,07/25,1600.0,30.0,,,27/F/B/X/T,Asfalto,,,Cadastrado,1,RBAC 135 Regular,AP-1,,false,2026-03-28,https://pergamum.anac.gov.br/arquivos/PA2016-0724.pdf,,true
144,PA0016,SNTI,Público,Óbidos,ÓBIDOS,PA,Óbidos,PA,-1.868056,-55.514444,100.0,,,1059,10/28,1520.0,30.0,,,9/F/C/Y/U,Asfalto,,,Cadastrado,1,RBAC 135 Regular,AP-0,,false,2027-08-17,https://pergamum.anac.gov.br/arquivos/PA2017-2710.pdf,Proibição de operações de pouso no aeródromo.,true
145,PA0018,SNEB,Público,Nagib Demachki,PARAGOMINAS,PA,Paragominas,PA,-3.019722,-47.316389,135.0,VFR,Sem Operação,837,09/27,1450.0,30.0,,,30/F/C/X/T,Asfalto,,false,Cadastrado,1,RBAC 135 Regular,AP-1,,false,2030-05-19,https://pergamum.anac.gov.br/arquivos/PA2020-1291.pdf,,true
146,PA0020,SNMZ,Público,Porto de Moz,PORTO DE MOZ,PA,Porto de Moz,PA,-1.741389,-52.235833,16.0,VFR,,1060,05/23,1270.0,28.0,5700.0,0.5,,Asfalto,false,false,Cadastrado,1,RBAC 135 Regular,AP-1,,false,2027-08-09,https://pergamum.anac.gov.br/arquivos/PA2017-2640.pdf,,true
147,PA0021,SDOW,Público,Ourilândia do Norte,OURILÂNDIA DO NORTE,PA,Ourilândia do Norte,PA,-6.763056,-51.05,229.0,VFR / IFR,VFR / IFR,,,,,,,,,,,Cadastrado,1,Outras Operações,AP-0,,false,2033-01-05,https://pergamum.anac.gov.br/arquivos/PA2023-10178.pdf,,true
148,PA0024,SNYA,Público,Aeródromo Público de Almeirim,ALMEIRIM,PA,Almeirim,PA,-1.479167,-52.578056,178.0,VFR,,1027,06/24,1200.0,30.0,,,7/F/B/Y/U,Piçarra,,,Cadastrado,1,RBAC 135 Regular,AP-1,,false,2025-03-06,https://pergamum.anac.gov.br/arquivos/PA2015-0560.pdf,,true
150,PA0027,SDWQ,Público,Alenquer,ALENQUER,PA,Alenquer,PA,-1.916944,-54.722778,31.0,VFR / IFR,VFR / IFR,,,,,,,,,,,Cadastrado,1,Outras Operações,AP-0,,false,2031-12-28,https://pergamum.anac.gov.br/arquivos/PA2021-6798.pdf,Proibição de operações de pouso no aeródromo.,true
209,RO0003,SBVH,Público,Vilhena,VILHENA,RO,Vilhena,RO,-12.694444,-60.098333,615.0,VFR / IFR,VFR / IFR,994,03/21,2600.0,30.0,,,30/F/A/X/T,Asfalto,false,true,Cadastrado,1,RBAC 121,AP-1,,false,2033-04-17,https://pergamum.anac.gov.br/arquivos/PA2023-10933.pdf,,true
210,RO0008,SJOG,Público,Ariquemes,ARIQUEMES,RO,Ariquemes,RO,-9.880556,-63.047222,142.0,VFR,Sem Operação,807,03/21,1306.0,18.0,,,25/F/C/Y/U,Asfalto,,,Cadastrado,1,Outras Operações,AP-0,,false,2030-12-03,https://pergamum.anac.gov.br/arquivos/PA2020-3473.pdf,,true
211,RO0009,SWPM,Público,Pimenta Bueno,PIMENTA BUENO,RO,Pimenta Bueno,RO,-11.641389,-61.178889,208.0,VFR,VFR,847,04/22,1300.0,20.0,,,12/F/C/Y/U,Asfalto,false,true,Cadastrado,1,Outras Operações,AP-0,,false,2033-03-07,https://pergamum.anac.gov.br/arquivos/PA2023-10580.pdf,,true
212,RR0001,SBBV,Público,Atlas Brasil Cantanhede,BOA VISTA,RR,Boa Vista,RR,2.841389,-60.692222,84.0,VFR / IFR,VFR / IFR,27483,08/26,2700.0,45.0,,,38/F/A/X/T,Asfalto,,true,Cadastrado,2,,AP-1,Público Táxi Aéreo e Aviação Geral (RNS) / Público Regular ou Charter exclusivamente de voos alternados (AS),false,2028-02-05,https://pergamum.anac.gov.br/arquivos/PA2018-0273.pdf,,true
275,TO0001,SBPJ,Público,BRIGADEIRO LYSIAS RODRIGUES,PALMAS,TO,Palmas,TO,-10.29,-48.357778,236.0,VFR / IFR,VFR / IFR,933,14/32,2500.0,45.0,,,48/F/B/X/T,Asfalto,,true,Cadastrado,2,,AP-1,,true,2031-02-17,https://pergamum.anac.gov.br/arquivos/PA2021-4223.pdf,,true
276,TO0002,SWGN,Público,Araguaína,ARAGUAÍNA,TO,Araguaína,TO,-7.228333,-48.240833,235.0,VFR,VFR,815,09/27,1804.0,45.0,,,44/F/C/X/U,Asfalto,,true,Cadastrado,1,,AP-1,,true,2025-08-21,https://pergamum.anac.gov.br/arquivos/PA2015-2236.pdf,,true
277,TO0003,SDPE,Público,Porto Nacional,PORTO NACIONAL,TO,Porto Nacional,TO,-10.718056,-48.398889,270.0,VFR,Sem Operação,934,05/23,1700.0,30.0,,,27/F/B/X/T,Asfalto,,,Cadastrado,1,Outras Operações,AP-0,,false,2033-05-10,https://pergamum.anac.gov.br/arquivos/PA2023-11026.pdf,,true
278,TO0004,SWGI,Público,Gurupi,GURUPI,TO,Gurupi,TO,-11.739444,-49.133333,350.0,VFR,VFR,10852,12/30,1700.0,30.0,,,10/F/B/X/T,Asfalto,,true,Cadastrado,1,Outras Operações,AP-0,,false,2030-06-23,https://pergamum.anac.gov.br/arquivos/PA2020-1566.pdf,,true
279,TO0006,SWDN,Público,Dianópolis,DIANÓPOLIS,TO,Dianópolis,TO,-11.595278,-46.847778,736.0,VFR,,1006,10/28,1518.0,30.0,,,12/F/B/X/T,Asfalto,false,false,Cadastrado,1,Outras Operações,AP-0,,false,2026-06-16,https://pergamum.anac.gov.br/arquivos/PA2016-1485.pdf,,true
281,AC0003,SNOU,Privado,Novo Aeródromo de Feijó,FEIJÓ,AC,Feijó,AC,-8.141389,-70.340833,168.0,,,1817,03/21,1150.0,24.0,5500.0,0.5,,Asfalto,false,false,Cadastrado,1,,AP-0,,false,2032-06-13,https://pergamum.anac.gov.br/arquivos/PA2022-8001.pdf,,true
282,AC0004,SBTK,Público,Tarauacá,TARAUACÁ,AC,Tarauacá,AC,-8.155278,-70.783056,192.0,VFR,Sem Operação,2039,15/33,1200.0,22.0,5700.0,0.5,,Asfalto,false,false,Cadastrado,1,Outras Operações,AP-0,,false,2033-08-22,https://pergamum.anac.gov.br/arquivos/PA2023-12151.pdf,,true
283,AC0005,SD7H,Privado,Xapurí,XAPURI,AC,Xapuri,AC,-10.663333,-68.486111,183.0,VFR,Sem Operação,2034,17/35,750.0,20.0,,,8/F/B/Y/U,Asfalto,false,true,Cadastrado,,,,,false,2031-03-09,https://pergamum.anac.gov.br/arquivos/PA2021-4380.pdf,,true
287,AM0001,SBEG,Público,Eduardo Gomes,MANAUS,AM,Manaus,AM,-3.041111,-60.050556,80.0,,,2012,11/29,2700.0,45.0,,,71/F/C/X/T,Asfalto,false,true,Cadastrado,3,,AP-2,Público Regular ou Charter (RS),false,2032-03-23,https://pergamum.anac.gov.br/arquivos/PA2022-7517.pdf,,true
288,AM0003,SBUA,Público,São Gabriel da Cachoeira,SÃO GABRIEL DA CACHOEIRA,AM,São Gabriel da Cachoeira,AM,-0.148056,-66.985833,76.0,VFR / IFR,Sem Operação,1962,05/23,2600.0,45.0,,,47/F/C/X/U,Asfalto,false,false,Cadastrado,1,,AP-1,,false,2030-05-05,https://pergamum.anac.gov.br/arquivos/PA2020-1183.pdf,,true
289,AM0005,SBTT,Público,Tabatinga,TABATINGA,AM,Tabatinga,AM,-4.250556,-69.937778,80.0,,,1921,12/30,2150.0,33.0,,,34/F/A/X/T,Asfalto,,true,Cadastrado,1,RBAC 121,AP-1,Público Táxi Aéreo e Aviação Geral (RNS) / Público Regular ou Charter exclusivamente de voos alternados (AS),false,2031-04-15,https://pergamum.anac.gov.br/arquivos/PA2021-4744.pdf,,true
291,AM0010,SWKO,Público,Coari,COARI,AM,Coari,AM,-4.134167,-63.1325,40.0,VFR,Sem Operação,1826,10/28,1600.0,36.0,,,29/F/C/X/U,Asfalto,,,Cadastrado,1,RBAC 121,AP-1,,false,2033-07-14,https://pergamum.anac.gov.br/arquivos/PA2023-11806.pdf,,true
292,AM0011,SWNK,Público,Novo Campo,BOCA DO ACRE,AM,Boca do Acre,AM,-8.834722,-67.3125,120.0,,,2053,18/36,1600.0,30.0,,,19/F/C/Y/U,Asfalto,,,Cadastrado,1,Outras Operações,AP-0,,false,2031-03-26,https://pergamum.anac.gov.br/arquivos/PA2021-4603.pdf,Proibição de operações de pouso no aeródromo.,true
293,AM0012,SBIC,Público,Itacoatiara,ITACOATIARA,AM,Itacoatiara,AM,-3.126389,-58.481667,43.0,,,1982,14/32,1515.0,30.0,,,8/F/C/Y/U,Asfalto,,,Cadastrado,1,Outras Operações,AP-0,,false,2028-08-02,https://pergamum.anac.gov.br/arquivos/PA2018-2359.pdf,,true
294,AM0014,SWOB,Público,Fonte Boa,FONTE BOA,AM,Fonte Boa,AM,-2.5325,-66.083333,63.0,VFR,Sem Operação,1801,18/36,1300.0,24.0,,,6/F/C/Y/U,Asfalto,,,Cadastrado,1,Outras Operações,AP-0,,false,2033-06-26,https://pergamum.anac.gov.br/arquivos/PA2023-11691.pdf,"Proibição de operações de pouso no aeródromo. exceto no caso de operações de emergência médica e transporte de valores, realizadas mediante prévia coordenação com o operador de aeródromo.",true
295,AM0017,SWBC,Público,Barcelos,BARCELOS,AM,Barcelos,AM,-0.981111,-62.919444,34.0,VFR,Sem Operação,2078,09/27,1500.0,30.0,,,6/F/B/Y/U,Asfalto,false,false,Cadastrado,1,RBAC 135 Regular,AP-1,,false,2032-09-21,https://pergamum.anac.gov.br/arquivos/PA2022-9172.pdf,Proibição de operações noturnas.,true
296,AM0018,SWBR,Público,Borba,BORBA,AM,Borba,AM,-4.406111,-59.6025,30.0,VFR,Sem Operação,1852,12/30,1200.0,23.0,,,8/F/C/Y/U,Asfalto,false,false,Cadastrado,1,RBAC 135 Regular,AP-1,,false,2033-05-19,https://pergamum.anac.gov.br/arquivos/PA2023-11217.pdf,,true
298,AM0020,SWMW,Público,Maués,MAUÉS,AM,Maués,AM,-3.371944,-57.724722,21.0,VFR,Sem Operação,1884,01/19,1200.0,30.0,,,8/F/C/Y/U,Asfalto,,,Cadastrado,1,RBAC 135 Regular,AP-1,,false,2032-11-18,https://pergamum.anac.gov.br/arquivos/PA2022-9655.pdf,,true
300,AM0023,SWYN,Público,Apuí,APUÍ,AM,Apuí,AM,-7.172222,-59.838889,60.0,VFR,,1940,08/26,1200.0,23.0,,,12/F/B/Y/U,Asfalto,,,Cadastrado,1,RBAC 135 Regular,AP-1,,false,2030-07-21,https://pergamum.anac.gov.br/arquivos/PA2020-1745.pdf,Proibição de operações de pouso de aeronaves de asa fixa com motor à reação (turbojato).,true
301,AM0024,SWLB,Público,Lábrea,LÁBREA,AM,Lábrea,AM,-7.278889,-64.769444,74.0,,,1859,18/36,1200.0,30.0,,,8/F/C/Y/T,Asfalto,false,false,Cadastrado,1,RBAC 135 Regular,AP-1,,false,2030-11-18,https://pergamum.anac.gov.br/arquivos/PA2020-3249.pdf,"Proibição de operações de pouso de aeronaves de asa fixa com motor à reação (turbojato). Aeronaves com PMD igual ou superior a 5700kg, exceto no caso de operações de emergência médica ou de transporte de valores realizadas mediante prévia coordenação com o Operador do Aeródromo.",true
302,AP0002,SBOI,Público,Oiapoque,OIAPOQUE,AP,Oiapoque,AP,3.861389,-51.796111,19.0,,,1800,03/21,1200.0,30.0,,,10/F/B/Y/U,Asfalto,,,Cadastrado,1,RBAC 121,AP-1,,false,,https://pergamum.anac.gov.br/arquivos/PD1984-0039.pdf,,true
433,PA0002,SBSN,Público,Maestro Wilson Fonseca,SANTARÉM,PA,Santarém,PA,-2.424722,-54.785833,60.0,VFR / IFR,VFR / IFR,1961,10/28,2400.0,45.0,,,48/F/A/W/T,Asfalto,,true,Cadastrado,2,,AP-1,Público Regular ou Charter exclusivamente de voos alternados (AS),true,2030-09-23,https://pergamum.anac.gov.br/arquivos/PA2020-2416.pdf,,true
434,PA0007,SBTU,Público,Tucuruí,TUCURUÍ,PA,Tucuruí,PA,-3.776944,-49.719722,253.0,,,1877,02/20,2000.0,45.0,,,33/F/C/X/U,Asfalto,false,true,Cadastrado,1,RBAC 135 Regular,AP-1,,false,2026-07-23,https://pergamum.anac.gov.br/arquivos/PA2016-1885.pdf,,true
435,PA0008,SBAA,Público,Conceição do Araguaia,CONCEIÇÃO DO ARAGUAIA,PA,Conceição do Araguaia,PA,-8.348611,-49.303056,199.0,,,2076,08/26,1800.0,30.0,,,47/F/C/X/U,Asfalto,,true,Cadastrado,1,Outras Operações,AP-0,,false,2031-01-13,https://pergamum.anac.gov.br/arquivos/PA2021-3953.pdf,Proibição de operações de pouso de aeronaves de asa fixa com motor à reação (turbojato).,true
436,PA0009,SBMD,Público,Monte Dourado,ALMEIRIM,PA,Almeirim,PA,-0.889722,-52.602222,206.0,,,1795,08/26,1800.0,30.0,,,25/F/A/X/T,Asfalto,false,false,Cadastrado,1,RBAC 135 Regular,AP-1,,false,2030-07-31,https://pergamum.anac.gov.br/arquivos/PA2020-1922.pdf,,true
437,PA0010,SBIH,Público,Itaituba,ITAITUBA,PA,Itaituba,PA,-4.242222,-56.000833,33.0,VFR / IFR,VFR / IFR,1868,05/23,1700.0,30.0,,,26/F/B/X/T,Asfalto,false,true,Cadastrado,1,RBAC 121,AP-1,,false,2030-07-10,https://pergamum.anac.gov.br/arquivos/PA2020-1747.pdf,,true
438,PA0011,SBEK,Público,Jacareacanga,JACAREACANGA,PA,Jacareacanga,PA,-6.235278,-57.775833,90.0,,,1936,08/26,1600.0,30.0,5700.0,0.5,,Asfalto,,,Cadastrado,1,Outras Operações,AP-0,,false,2030-09-23,https://pergamum.anac.gov.br/arquivos/PA2020-2419.pdf,Proibição de operações de pouso de aeronaves de asa fixa com motor à reação (turbojato).,true
439,PA0012,SBTB,Público,Trombetas,ORIXIMINÁ,PA,Oriximiná,PA,-1.489722,-56.396944,51.0,,,1876,09/27,1600.0,30.0,,,26/F/A/X/T,Asfalto,,true,Cadastrado,1,RBAC 121,AP-1,,false,2031-04-20,https://pergamum.anac.gov.br/arquivos/PA2021-4771.pdf,,true
440,PA0013,SNFX,Público,São Félix do Xingu,SÃO FÉLIX DO XINGU,PA,São Félix do Xingu,PA,-6.641389,-51.952222,183.0,,,1993,14/32,1600.0,33.0,,,45/F/C/X/U,Asfalto,false,false,Cadastrado,1,Outras Operações,AP-0,,false,2031-07-05,https://pergamum.anac.gov.br/arquivos/PA2021-5311.pdf,,true
441,PA0014,SNOX,Público,Oriximiná,ORIXIMINÁ,PA,Oriximiná,PA,-1.713611,-55.835833,80.0,VFR,Sem Operação,2021,17/35,1600.0,30.0,,,27/F/B/X/U,Asfalto,false,false,Cadastrado,1,RBAC 135 Regular,AP-1,,false,2030-04-09,https://pergamum.anac.gov.br/arquivos/PA2020-0969.pdf,Proibição de operações de pouso no aeródromo.,true
443,PA0019,SNMA,Público,Monte Alegre,MONTE ALEGRE,PA,Monte Alegre,PA,-1.996667,-54.071389,99.0,,,2041,10/28,1425.0,30.0,,,9/F/C/Y/U,Asfalto,,,Cadastrado,1,RBAC 135 Regular,AP-1,,false,2031-01-13,https://pergamum.anac.gov.br/arquivos/PA2021-3949.pdf,,true
445,PA0026,SJNP,Privado,Novo Progresso,NOVO PROGRESSO,PA,Novo Progresso,PA,-7.126111,-55.401111,231.0,VFR,Sem Operação,2027,18/36,1200.0,24.0,5700.0,0.5,,Cascalho,false,false,Cadastrado,,,,,false,2031-07-20,https://pergamum.anac.gov.br/arquivos/PA2021-5236.pdf,,true
446,PA0028,SJTS,Público,Terra Santa,TERRA SANTA,PA,Terra Santa,PA,-2.072778,-56.488889,25.0,,,2005,12/30,1000.0,23.0,5700.0,0.5,,Piçarra,,,Interditado,1,Outras Operações,AP-0,,false,2032-08-01,https://pergamum.anac.gov.br/arquivos/PA2022-8567.pdf,Proibição de operações de pouso no aeródromo. Exceto no caso de operações de emergência médica ou de transporte de valores realizadas mediante prévia coordenação com o Operador do Aeródromo.,true
447,PA0029,SNSM,Público,Salinópolis,SALINÓPOLIS,PA,Salinópolis,PA,-0.696389,-47.336667,36.0,,,1964,09/27,1600.0,30.0,5700.0,0.5,,Asfalto,false,false,Interditado,1,RBAC 135 Regular,AP-1,,false,2031-11-13,https://pergamum.anac.gov.br/arquivos/PA2021-6645.pdf,Proibição de operações de pouso de aeronaves de asa fixa. Proibidas as operações de pouso de aeronaves a jato.,true
448,PA0030,SNDC,Público,Redenção,REDENÇÃO,PA,Redenção,PA,-8.031111,-49.979722,207.0,,,2006,06/24,1350.0,30.0,,,7/F/C/Y/T,Asfalto,,,Cadastrado,1,Outras Operações,AP-0,,false,2025-03-06,https://pergamum.anac.gov.br/arquivos/PA2015-0561.pdf,,true
486,RO0001,SBPV,Público,Governador Jorge Teixeira de Oliveira,PORTO VELHO,RO,Porto Velho,RO,-8.713611,-63.902778,90.0,,,1922,01/19,2400.0,45.0,,,41/F/B/X/T,Asfalto,,true,Cadastrado,2,,AP-2,Público Regular ou Charter exclusivamente de voos alternados (AS),false,2032-02-09,https://pergamum.anac.gov.br/arquivos/PA2022-7087.pdf,,true
487,RO0002,SWRO,Público,Aeroclube de Rondônia,PORTO VELHO,RO,Porto Velho,RO,-8.794167,-63.8575,113.0,VFR,Sem Operação,1833,01/19,1300.0,30.0,,,8/F/C/Y/U,Terra,,,Cadastrado,1,Outras Operações,AP-0,,false,2033-07-11,https://pergamum.anac.gov.br/arquivos/PA2023-11804.pdf,,true
488,RO0004,SSKW,Público,Cacoal,CACOAL,RO,Cacoal,RO,-11.495556,-61.450833,249.0,,,1806,17/35,2100.0,45.0,,,31/F/A/X/T,Asfalto,false,true,Cadastrado,1,,AP-1,,true,2030-06-23,https://pergamum.anac.gov.br/arquivos/PA2020-1567.pdf,,true
489,RO0005,SBJI,Público,Ji-Paraná,JI-PARANÁ,RO,Ji-Paraná,RO,-10.870556,-61.846667,182.0,,,2052,03/21,1800.0,45.0,,,30/F/C/X/U,Asfalto,false,true,Cadastrado,1,,AP-1,,true,2031-09-20,https://pergamum.anac.gov.br/arquivos/PA2021-5871.pdf,,true
490,RO0006,SBGM,Público,Guajará-Mirim,GUAJARÁ-MIRIM,RO,Guajará-Mirim,RO,-10.788333,-65.281667,146.0,VFR,VFR,1974,17/35,1795.0,45.0,,,30/F/C/X/U,Asfalto,false,false,Cadastrado,1,Outras Operações,AP-0,,false,2030-04-09,https://pergamum.anac.gov.br/arquivos/PA2020-0974.pdf,Proibição de operações de pouso de aeronaves de asa fixa com motor à reação (turbojato).Proibição de operações noturnas.,true
491,RO0007,SWCQ,Público,Costa Marques,COSTA MARQUES,RO,Costa Marques,RO,-12.421667,-64.251667,169.0,VFR,Sem Operação,1853,01/19,1495.0,20.0,,,8/F/B/Y/T,Asfalto,,,Cadastrado,1,Outras Operações,AP-0,,false,,https://pergamum.anac.gov.br/arquivos/PD1985-0317.pdf,Proibição de operações de pouso de aeronaves de asa fixa com motor à reação (turbojato).,true
581,TO0005,SJGU,Público,Araguatins,ARAGUATINS,TO,Araguatins,TO,-5.685833,-48.114167,125.0,,,1844,12/30,1500.0,30.0,,,8/F/B/Y/T,Asfalto,,,Interditado,1,Outras Operações,AP-0,,false,2032-05-23,https://pergamum.anac.gov.br/arquivos/PA2022-8034.pdf,Proibição de operações de pouso no aeródromo. exceto no caso de operações de emergência médica ou de transporte de valores realizadas mediante prévia coordenação com o Operador do Aeródromo.,true
582,TO0007,SJAU,Público,Araguacema,ARAGUACEMA,TO,Araguacema,TO,-8.837778,-49.557778,207.0,,,1898,12/30,1400.0,30.0,,,6/F/A/Y/T,Asfalto,,,Interditado,1,Outras Operações,AP-0,,false,,,Proibição de operações de pouso no aeródromo. exceto no caso de operações de emergência médica ou de transporte de valores realizadas mediante prévia coordenação com o Operador do Aeródromo.,true
583,TO0008,SWTO,Público,Paraíso do Tocantins,PARAÍSO DO TOCANTINS,TO,Paraíso do Tocantins,TO,-10.173889,-48.932778,353.0,VFR,Sem Operação,2004,10/28,1200.0,30.0,,,20/F/C/X/U,Asfalto,,,Cadastrado,1,Outras Operações,AP-0,,false,2030-05-20,https://pergamum.anac.gov.br/arquivos/PA2020-1298.pdf,,true
584,TO0009,SWTY,Público,Taguatinga,TAGUATINGA,TO,Taguatinga,TO,-12.435,-46.400278,597.0,VFR,Sem Operação,2054,06/24,1400.0,30.0,,,8/F/C/Y/U,Asfalto,,,Cadastrado,1,Outras Operações,AP-0,,false,2033-07-14,https://pergamum.anac.gov.br/arquivos/PA2023-11805.pdf,,true
625,AM0091,SSSM,Privado,Matheus Lopes Maia da Silva,ITAMARATI,AM,,,-6.415556,-68.2575,119.0,VFR,Sem Operação,3574,16/34,1200.0,20.0,,,13/R/C/X/U,Concreto,false,false,Cadastrado,,,,,false,2029-08-28,https://pergamum.anac.gov.br/arquivos/PA2019-2524.pdf,,true
634,AC0015,,Privado,HUERB - Hospital de Urgência e Emergência de Rio Branco,RIO BRANCO,AC,,,-9.964444,-67.814444,180.0,,,,,,,,,,,,,Cadastrado,,,,,false,2031-02-25,https://pergamum.anac.gov.br/arquivos/PA2021-4111.pdf,,true
665,RO0051,SNNY,Privado,Fazenda Tapyratynga,PIMENTEIRAS DO OESTE,RO,,,-12.715556,-61.474444,,VFR,Sem Operação,7504,01/19,750.0,18.0,5700.0,0.5,,Cascalho,,,Cadastrado,,,,,false,2030-06-02,https://pergamum.anac.gov.br/arquivos/PA2020-1435.pdf,,true
671,PA0045,SIFX,Privado,Fazenda  Patropi,SÃO FÉLIX DO XINGU,PA,,,-9.308056,-51.610833,300.0,VFR,Sem Operação,2723,12/30,1000.0,20.0,5700.0,0.5,,Cascalho,false,false,Cadastrado,,,,,false,2024-11-06,https://pergamum.anac.gov.br/arquivos/PA2018-3862.pdf,,true
672,PA0182,,Privado,Hospital Samaritano,BELÉM,PA,,,-1.434444,-48.453611,30.0,,,,,,,,,,,,,Autorizado,,,,,false,,,,true
681,AP0012,SJUF,Privado,Silvestre,PEDRA BRANCA DO AMAPARI,AP,,,0.856111,-51.89,136.0,,,,,,,,,,,,,Cadastrado,,,,,false,2033-06-02,https://pergamum.anac.gov.br/arquivos/PA2023-11.424.pdf,,true
700,PA0223,,Privado,Pista JML,ITAITUBA,PA,,,-5.105833,-57.534722,67.0,VFR,Sem Operação,3423,01/19,600.0,20.0,2073.0,0.5,,Não definido,false,false,Autorizado,,,,,false,,,,true
711,AC0012,SWNC,Privado,Fazenda Nictheroy,SENADOR GUIOMARD,AC,,,-10.2675,-67.698056,213.0,VFR,Sem Operação,3365,01/19,1300.0,23.0,3000.0,0.5,,Grama,false,false,Cadastrado,,,,,false,2023-11-04,https://pergamum.anac.gov.br/arquivos/PA2016-1282.pdf,,true
715,AM0031,SIEW,Privado,Areia Branca,NOVO ARIPUANÃ,AM,,,-7.987778,-61.050278,96.0,VFR,Sem Operação,2879,06/24,1000.0,20.0,5600.0,0.5,,Cascalho,false,false,Cadastrado,,,,,false,2031-11-08,https://pergamum.anac.gov.br/arquivos/PA2021-6238.pdf,,true
716,AM0035,SJVP,Privado,Vila Pitinga,PRESIDENTE FIGUEIREDO,AM,,,-0.799167,-60.083889,267.0,VFR,Sem Operação,3918,09/27,1600.0,40.0,,,7/F/C/Y/U,Cascalho,false,false,Cadastrado,,,,,false,2030-10-29,https://pergamum.anac.gov.br/arquivos/PA2020-3758.pdf,,true
717,AM0037,SNFR,Privado,Presidente Roosevelt,NOVO ARIPUANÃ,AM,,,-7.847222,-60.9725,93.0,VFR,Sem Operação,3550,14/32,950.0,18.0,5700.0,0.5,,Terra,false,false,Cadastrado,,,,,false,2026-08-23,https://pergamum.anac.gov.br/arquivos/PA2016-2145.pdf,,true
718,AM0062,SNHZ,Privado,Palácio do Governo do Estado do Amazonas,MANAUS,AM,,,-3.0925,-60.06,65.0,,,,,,,,,,,,,Cadastrado,,,,,false,2025-01-26,https://pergamum.anac.gov.br/arquivos/PA2015-0169.pdf,,true
719,AP0006,SJKI,Privado,Hangar Comandante Salomão Alcolumbre,MACAPÁ,AP,,,0.208889,-51.012778,20.0,VFR,Sem Operação,4732,11/29,1100.0,20.0,5700.0,0.5,,Piçarra,false,false,Cadastrado,,,,,false,2031-03-23,https://pergamum.anac.gov.br/arquivos/PA2021-4463.pdf,,true
756,TO0012,SDCE,Privado,Fazenda Boa Sorte,ALIANÇA DO TOCANTINS,TO,,,-11.301667,-48.678889,291.0,VFR,Sem Operação,2473,03/21,1200.0,20.0,5700.0,0.5,,Cascalho,false,false,Interditado,,,,,false,2023-04-17,https://pergamum.anac.gov.br/arquivos/PA2013-0970.pdf,,true
828,RO0068,,Privado,Fazenda Rio Madeira,PORTO VELHO,RO,,,-9.642222,-64.837222,132.0,VFR,Sem Operação,10765,04/22,1100.0,18.0,5700.0,0.5,,Cascalho,false,false,Cadastrado,,,,,false,2031-01-07,https://pergamum.anac.gov.br/arquivos/PA2020-3680.pdf,,true
829,PA0246,SBQK,Privado,Fazenda Mundial,SÃO FÉLIX DO XINGU,PA,,,-6.538889,-51.441944,237.0,VFR,VFR,7861,12/30,1101.0,25.0,5700.0,0.5,,Cascalho,false,true,Cadastrado,,,,,false,2030-09-14,https://pergamum.anac.gov.br/arquivos/PA2020-2165.pdf,,true
856,PA0181,,Privado,Agrovila Sococo,MOJU,PA,,,-2.110278,-48.664167,25.0,VFR,Sem Operação,4228,09/27,660.0,18.0,5000.0,0.5,,Terra,false,false,Autorizado,,,,,false,,,,true
876,AP0003,SILJ,Privado,Do Gaúcho,LARANJAL DO JARI,AP,,,-0.831944,-52.503611,35.0,,,4264,17/35,650.0,18.0,5700.0,0.5,,Piçarra,false,false,Cadastrado,,,,,false,2032-06-10,https://pergamum.anac.gov.br/arquivos/PA2022-8112.pdf,,true
887,TO0080,SBOD,Privado,Fazenda Santa Cruz,ARAGUAÍNA,TO,,,-7.455833,-49.195556,214.0,,,9521,07/25,1500.0,20.0,,,16/F/B/Y/U,Asfalto,false,true,Cadastrado,,,,,false,2030-09-28,https://pergamum.anac.gov.br/arquivos/PA2020-2248.pdf,,true
897,AM0026,SDDE,Privado,Fazenda Dois Irmãos,MANICORÉ,AM,,,-8.009722,-61.776111,105.0,VFR,Sem Operação,4769,01/19,1000.0,18.0,5600.0,0.5,,Cascalho,false,false,Autorizado,,,,,false,2031-05-11,https://pergamum.anac.gov.br/arquivos/PA2021-4930.pdf,,true
1018,AM0092,SJQV,Privado,Pousada Amazon Roosevelt,NOVO ARIPUANÃ,AM,,,-7.569722,-60.688889,53.0,VFR,,7242,14/32,1300.0,20.0,5700.0,0.5,,Cascalho,false,false,Cadastrado,,,,,false,2030-05-26,https://pergamum.anac.gov.br/arquivos/PA2020-1260.pdf,,true
1026,RR0119,SD6X,Privado,Malboro,BOA VISTA,RR,,,2.701389,-60.849167,82.0,VFR,Sem Operação,12001,07/25,900.0,20.0,5600.0,0.5,,Terra,false,false,Cadastrado,,,,,false,,,,true
1038,PA0179,,Privado,Pista Teodorico,ITAITUBA,PA,,,-5.280833,-57.535,660.0,VFR,Sem Operação,4285,14/32,500.0,40.0,4500.0,0.5,,Cascalho,false,false,Autorizado,,,,,false,,,,true
1040,PA0193,,Privado,Santa Ana,ITAITUBA,PA,,,-6.317222,-56.335833,200.0,VFR,Sem Operação,4160,15/33,700.0,25.0,4500.0,0.5,,Cascalho,false,false,Autorizado,,,,,false,,,,true
1050,PA0112,SNXR,Privado,Fazenda Conforto,ITAITUBA,PA,,,-7.38975,-56.520389,235.0,VFR,Sem Operação,2555,03/21,800.0,23.0,5670.0,0.5,,Terra,false,false,Cadastrado,,,,,false,2023-10-10,https://pergamum.anac.gov.br/arquivos/PA2014-1390.pdf,,true
1060,PA0207,,Privado,Comandante Arara,ITAITUBA,PA,,,-6.312778,-56.458056,100.0,VFR,Sem Operação,4197,01/19,550.0,18.0,5700.0,0.5,,Cascalho,false,false,Autorizado,,,,,false,,,,true
1070,AM0083,,Privado,São José do Rio Negro,MANAUS,AM,,,-3.001389,-60.076417,,,,,,,,,,,,,,Autorizado,,,,,false,,,,true
1094,AM0061,SJRA,Privado,P.E. Anori,ANORI,AM,,,-3.710694,-61.662639,29.0,,,,,,,,,,,,,Cadastrado,,,,,false,2027-01-26,https://pergamum.anac.gov.br/arquivos/PA2017-0200.pdf,,true
1124,AM0043,SWAO,Privado,Anamoim,SÃO GABRIEL DA CACHOEIRA,AM,,,1.799722,-67.383889,102.0,VFR,Sem Operação,3940,14/32,1000.0,23.0,2500.0,0.5,,Piçarra,false,false,Cadastrado,,,,,false,2025-06-05,https://pergamum.anac.gov.br/arquivos/PA2015-1350.pdf,,true
1241,PA0213,,Privado,Fazenda Nova Era,ITUPIRANGA,PA,,,-5.276944,-50.038611,142.0,VFR,Sem Operação,4339,09/27,578.0,18.0,2155.0,0.5,,Terra,false,false,Autorizado,,,,,false,,,,true
1242,PA0219,,Privado,Fazenda Santa Clara,ITAITUBA,PA,,,-6.004444,-55.340833,300.0,VFR,Sem Operação,4778,07/25,1000.0,40.0,1000.0,0.5,,Cascalho,false,false,Autorizado,,,,,false,,,,true
1347,RO0049,SJZR,Privado,Fazenda Rodeio,SÃO MIGUEL DO GUAPORÉ,RO,,,-12.128889,-63.008889,156.0,VFR,Sem Operação,3473,11/29,650.0,18.0,5700.0,0.5,,Cascalho,false,false,Cadastrado,,,,,false,2029-01-31,https://pergamum.anac.gov.br/arquivos/PA2019-220.pdf,,true
1371,PA0228,,Privado,S11D,CANAÃ DOS CARAJÁS,PA,,,-6.445833,-50.226389,,,,,,,,,,,,,,Autorizado,,,,,false,,,,true
1372,RO0059,,Privado,Irmãos Gonçalves,JARU,RO,,,-10.423333,-62.517222,,,,,,,,,,,,,,Autorizado,,,,,false,,,,true
1423,AP0008,SNKV,Privado,Fazenda Campo Verde,CUTIAS,AP,,,1.042778,-50.516972,15.0,VFR,Sem Operação,4591,07/25,510.0,18.0,2000.0,0.5,,Cascalho,false,false,Cadastrado,,,,,false,2024-11-20,https://pergamum.anac.gov.br/arquivos/PA2014-2724.pdf,,true
1505,PA0035,SDOY,Privado,Fazenda Monte Dourado,SÃO FÉLIX DO XINGU,PA,,,-6.223889,-51.756667,236.0,VFR,Sem Operação,3775,11/29,1000.0,18.0,5000.0,0.5,,Cascalho,false,false,Cadastrado,,,,,false,2025-07-31,https://pergamum.anac.gov.br/arquivos/PA2015-2026.pdf,,true
1544,PA0033,SDBE,Privado,Biopalma,MOJU,PA,,,-2.207778,-48.813889,20.0,VFR,Sem Operação,2316,09/27,1300.0,24.0,5700.0,0.5,,Piçarra,false,false,Autorizado,,,,,false,2031-05-19,https://pergamum.anac.gov.br/arquivos/PA2021-4968.pdf,,true
1552,PA0032,SDAY,Privado,Fazenda Santa Lúcia,SANTA MARIA DAS BARREIRAS,PA,,,-8.921944,-50.348333,217.0,,,2426,13/31,900.0,20.0,5600.0,0.5,,Cascalho,false,false,Cadastrado,,,,,false,2032-06-22,https://pergamum.anac.gov.br/arquivos/PA2022-8300.pdf,,true
1553,PA0036,SDUA,Privado,Vale do Curuá,NOVO PROGRESSO,PA,,,-7.038333,-55.3925,225.0,VFR,Sem Operação,2680,09/27,700.0,20.0,5700.0,0.5,,Cascalho,false,false,Cadastrado,,,,,false,2024-12-31,https://pergamum.anac.gov.br/arquivos/PA2014-3176.pdf,,true
1554,PA0037,SDVJ,Privado,Fazenda Santa Marta,SANTA MARIA DAS BARREIRAS,PA,,,-8.659444,-50.455556,219.0,VFR,Sem Operação,4238,11/29,1100.0,20.0,5700.0,0.5,,Cascalho,false,false,Cadastrado,,,,,false,2033-07-10,https://pergamum.anac.gov.br/arquivos/PA2023-11.755.pdf,,true
1555,PA0038,SDWM,Privado,Fazenda Modelo,AURORA DO PARÁ,PA,,,-2.265278,-47.595278,68.0,VFR,Sem Operação,2801,11/29,900.0,18.0,4000.0,0.5,,Piçarra,false,false,Cadastrado,,,,,false,2025-08-11,https://pergamum.anac.gov.br/arquivos/PA2015-2147.pdf,,true
1556,PA0039,SDWV,Privado,Chácara Maringá,SENADOR JOSÉ PORFÍRIO,PA,,,-2.572778,-51.953611,30.0,VFR,Sem Operação,4466,10/28,985.0,18.0,5700.0,0.5,,Piçarra,false,false,Autorizado,,,,,false,2031-07-06,https://pergamum.anac.gov.br/arquivos/PA2021-5296.pdf,,true
1557,PA0042,SICY,Privado,Fazenda Apucarana,MARABÁ,PA,,,-5.463333,-49.772778,184.0,VFR,Sem Operação,3283,02/20,799.0,18.0,5000.0,0.5,,Piçarra,false,false,Cadastrado,,,,,false,2027-07-19,https://pergamum.anac.gov.br/arquivos/PA2017-2162.pdf,,true
1558,PA0043,SIDJ,Privado,Fazenda Arpa,SANTA MARIA DAS BARREIRAS,PA,,,-8.948056,-50.513056,246.0,VFR,Sem Operação,2445,17/35,900.0,18.0,5600.0,0.5,,Cascalho,false,false,Interditado,,,,,false,2022-08-06,https://pergamum.anac.gov.br/arquivos/PA2012-1576.pdf,,true
1560,PA0044,SIEK,Privado,Fazenda Espírito Santo,CACHOEIRA DO ARARI,PA,,,-0.987778,-48.889167,5.0,VFR,Sem Operação,2582,07/25,800.0,18.0,2500.0,0.5,,Piçarra,false,false,Cadastrado,,,,,false,2025-10-21,https://pergamum.anac.gov.br/arquivos/PA2015-2806.pdf,,true
1563,PA0046,SIHI,Privado,Fazenda Itaipavas,PIÇARRA,PA,,,-6.616389,-48.995833,193.0,VFR,Sem Operação,3052,02/20,616.0,18.0,4500.0,0.5,,Cascalho,false,false,Cadastrado,,,,,false,2023-12-05,https://pergamum.anac.gov.br/arquivos/PA2013-3182.pdf,,true
1565,PA0047,SIJA,Privado,Maca Aero,TAILÂNDIA,PA,,,-2.898056,-48.958611,54.0,,,4102,10/28,800.0,20.0,2000.0,0.5,,Cascalho,false,false,Cadastrado,,,,,false,2032-03-17,https://pergamum.anac.gov.br/arquivos/PA20227525.pdf,,true
1566,PA0049,SIJZ,Privado,Fazenda Vera Paz,ITAITUBA,PA,,,-7.394722,-56.764722,244.0,VFR,Sem Operação,4622,14/32,900.0,25.0,5670.0,0.5,,Piçarra,false,false,Cadastrado,,,,,false,,,,true
1567,PA0050,SIOU,Privado,Fazenda Progresso,PARAGOMINAS,PA,,,-3.373056,-47.423889,181.0,VFR,Sem Operação,3258,11/29,900.0,18.0,4200.0,0.5,,Piçarra,false,false,Cadastrado,,,,,false,2027-02-21,https://pergamum.anac.gov.br/arquivos/PA2017-0488.pdf,,true
1568,PA0051,SIOZ,Privado,Pista Aldeia Kenjdã,ALTAMIRA,PA,,,-7.956667,-53.261111,272.0,VFR,Sem Operação,2806,07/25,799.0,18.0,5000.0,0.5,,Terra,false,false,Cadastrado,,,,,false,2025-11-23,https://pergamum.anac.gov.br/arquivos/PA2015-3110.pdf,,true
1569,PA0052,SIPL,Privado,Pista Aldeia Pykararankre,SÃO FÉLIX DO XINGU,PA,,,-7.460278,-52.656944,229.0,VFR,Sem Operação,2805,11/29,1000.0,23.0,5000.0,0.5,,Terra,false,false,Cadastrado,,,,,false,2025-11-18,https://pergamum.anac.gov.br/arquivos/PA2015-3041.pdf,,true
1570,PA0053,SIPY,Privado,Pista Aldeia Pykatô,CUMARU DO NORTE,PA,,,-8.475278,-51.663611,327.0,VFR,Sem Operação,3748,01/19,600.0,18.0,3000.0,0.5,,Terra,false,false,Cadastrado,,,,,false,2027-11-22,https://pergamum.anac.gov.br/arquivos/PA2017-3770.pdf,,true
1572,PA0054,SIRJ,Privado,Caima,ITAITUBA,PA,,,-4.303889,-56.219167,35.0,,,3765,12/30,1426.0,30.0,,,7/F/A/Y/T,Asfalto,false,true,Cadastrado,,,,,false,2031-07-06,https://pergamum.anac.gov.br/arquivos/PA2021-5303.pdf,,true
1573,PA0055,SISA,Privado,Pista Aldeia Aukre,OURILÂNDIA DO NORTE,PA,,,-7.6975,-51.876111,272.0,VFR,Sem Operação,2850,13/31,850.0,23.0,5000.0,0.5,,Terra,false,false,Cadastrado,,,,,false,2025-11-18,https://pergamum.anac.gov.br/arquivos/PA2015-3042.pdf,,true
1576,PA0057,SISR,Privado,Fazenda Reunidas Sococo,SANTA IZABEL DO PARÁ,PA,,,-1.223889,-48.041389,49.0,VFR,Sem Operação,2552,10/28,1255.0,23.0,4581.0,0.5,,Piçarra,false,false,Cadastrado,,,,,false,2023-12-26,https://pergamum.anac.gov.br/arquivos/PA2022-9960.pdf,,true
1577,PA0058,SITT,Privado,Independência,ITAITUBA,PA,,,-7.594167,-56.699444,317.0,VFR,Sem Operação,2915,10/28,850.0,18.0,5700.0,0.5,,Cascalho,false,false,Cadastrado,,,,,false,2025-11-18,https://pergamum.anac.gov.br/arquivos/PA2015-3047.pdf,,true
1578,PA0059,SIUZ,Privado,Pista Bom Jesus,ITAITUBA,PA,,,-5.453611,-57.454722,131.0,VFR,Sem Operação,2411,05/23,600.0,40.0,4000.0,0.5,,Piçarra,false,false,Cadastrado,,,,,false,2025-11-23,https://pergamum.anac.gov.br/arquivos/PA2015-3109.pdf,,true
1579,PA0060,SIVR,Privado,Fazenda Fortuna,JACAREACANGA,PA,,,-9.166111,-56.915556,198.0,VFR,Sem Operação,2840,11/29,900.0,18.0,5700.0,0.5,,Terra,false,false,Cadastrado,,,,,false,2025-11-18,https://pergamum.anac.gov.br/arquivos/PA2015-3039.pdf,,true
1580,PA0062,SIXI,Privado,Pista Aldeia Kokraymoro,SÃO FÉLIX DO XINGU,PA,,,-7.210278,-52.569722,219.0,VFR,Sem Operação,2802,10/28,700.0,18.0,5000.0,0.5,,Terra,false,false,Cadastrado,,,,,false,2025-12-02,https://pergamum.anac.gov.br/arquivos/PA2015-3176.pdf,,true
1581,PA0063,SIXL,Privado,Fazenda Barra do Triunfo,SÃO FÉLIX DO XINGU,PA,,,-6.416111,-52.380556,191.0,VFR,Sem Operação,4501,16/34,1480.0,23.0,,,7/F/A/X/T,Asfalto,false,false,Cadastrado,,,,,false,2025-06-11,https://pergamum.anac.gov.br/arquivos/PA2015-1403.pdf,,true
1582,PA0064,SIYR,Privado,Fazenda Rosa de Maio,ITAITUBA,PA,,,-4.317306,-56.109222,31.0,VFR,Sem Operação,2612,06/24,960.0,18.0,5700.0,0.5,,Concreto,false,false,Cadastrado,,,,,false,2025-03-02,https://pergamum.anac.gov.br/arquivos/PA2015-0495.pdf,,true
1583,PA0066,SJBC,Privado,Fazenda União,CUMARU DO NORTE,PA,,,-8.99,-51.215,335.0,VFR,Sem Operação,3100,17/35,1150.0,20.0,5000.0,0.5,,Grama,false,false,Autorizado,,,,,false,2031-02-25,https://pergamum.anac.gov.br/arquivos/PA2021-4208.pdf,,true
1584,PA0067,SJBK,Privado,Iriri,ALTAMIRA,PA,,,-5.679167,-54.245,177.0,VFR,Sem Operação,4495,15/33,923.0,24.0,3000.0,0.5,,Terra,false,false,Cadastrado,,,,,false,2024-09-16,https://pergamum.anac.gov.br/arquivos/PA2014-2181.pdf,,true
1585,PA0068,SJBN,Privado,Nossa Senhora Aparecida,RIO MARIA,PA,,,-7.351667,-50.376111,429.0,VFR,Sem Operação,2500,07/25,800.0,30.0,5700.0,0.5,,Cascalho,false,false,Cadastrado,,,,,false,2027-05-05,https://pergamum.anac.gov.br/arquivos/PA2017-1305.pdf,,true
1586,PA0070,SJJJ,Privado,Aeroxingu,ALTAMIRA,PA,,,-3.171944,-52.191667,112.0,VFR,Sem Operação,4787,13/31,700.0,18.0,2073.0,0.5,,Piçarra,false,false,Cadastrado,,,,,false,2023-08-29,https://pergamum.anac.gov.br/arquivos/PA2013-2190.pdf,,true
1587,PA0071,SJKC,Privado,Pista Aldeia Kikretum,OURILÂNDIA DO NORTE,PA,,,-7.131111,-51.653056,220.0,VFR,Sem Operação,3742,04/22,600.0,18.0,4000.0,0.5,,Terra,false,false,Cadastrado,,,,,false,2027-11-14,https://pergamum.anac.gov.br/arquivos/PA2017-3739.pdf,,true
1588,PA0072,SJKE,Privado,Pista Aldeia Kedjêrêkrã,SÃO FÉLIX DO XINGU,PA,,,-7.812778,-52.151667,276.0,VFR,Sem Operação,3178,17/35,799.0,18.0,4000.0,0.5,,Terra,false,false,Cadastrado,,,,,false,2027-11-14,https://pergamum.anac.gov.br/arquivos/PA2017-3740.pdf,,true
1590,PA0075,SJQQ,Privado,Fazenda Terra Alta,PORTEL,PA,,,-2.859167,-50.988889,20.0,,,3586,16/34,840.0,18.0,3000.0,0.5,,Terra,false,false,Cadastrado,,,,,false,2032-07-29,https://pergamum.anac.gov.br/arquivos/PA2022-8620.pdf,,true
1591,PA0078,SJSE,Privado,Serabi,ITAITUBA,PA,,,-6.318056,-55.794167,315.0,VFR,Sem Operação,3344,05/23,700.0,18.0,5700.0,0.5,,Piçarra,false,false,Cadastrado,,,,,false,2025-05-22,https://pergamum.anac.gov.br/arquivos/PA2015-1208.pdf,,true
1592,PA0077,SJRK,Privado,Agropecuária São Roberto,SANTANA DO ARAGUAIA,PA,,,-9.232222,-50.930556,262.0,,,4032,02/20,845.0,18.0,5700.0,0.5,,Piçarra,false,false,Cadastrado,,,,,false,2032-04-27,https://pergamum.anac.gov.br/arquivos/PA2022-7797.pdf,,true
1593,PA0079,SJVX,Privado,Pagrisa,ULIANÓPOLIS,PA,,,-3.702778,-47.761111,134.0,VFR,Sem Operação,3929,15/33,700.0,18.0,4000.0,0.5,,Grama,false,false,Cadastrado,,,,,false,2028-04-16,https://pergamum.anac.gov.br/arquivos/PA2018-1095.pdf,,true
1594,PA0081,SNAC,Privado,Fazenda Santa Rosa,XINGUARA,PA,,,-7.036389,-50.088333,213.0,VFR,Sem Operação,2354,15/33,900.0,18.0,5700.0,0.5,,Terra,false,false,Cadastrado,,,,,false,2031-09-30,https://pergamum.anac.gov.br/arquivos/PA2021-5914.pdf,,true
1595,PA0083,SNBN,Privado,Balbinot,PORTEL,PA,,,-2.870833,-50.487778,27.0,VFR,Sem Operação,2391,02/20,600.0,18.0,2073.0,0.5,,Piçarra,false,false,Cadastrado,,,,,false,2030-12-29,https://pergamum.anac.gov.br/arquivos/PA2020-3450.pdf,,true
1596,PA0176,,Privado,Novo Porto,ITAITUBA,PA,,,-5.856111,-56.128333,168.0,VFR,Sem Operação,4223,14/32,800.0,20.0,5700.0,0.5,,Terra,false,false,Autorizado,,,,,false,,,,true
1601,PA0085,SNCI,Privado,Cibrasa,CAPANEMA,PA,,,-1.236111,-47.205278,53.0,VFR,Sem Operação,3808,01/19,1350.0,30.0,,,10/F/C/Y/U,Asfalto,false,false,Cadastrado,,,,,false,,,,true
1602,PA0086,SNCJ,Privado,Piquiatuba,SANTARÉM,PA,,,-2.546667,-54.705,124.0,,,2565,11/29,1100.0,20.0,,,8/F/B/Y/U,Asfalto,false,true,Cadastrado,,,,,false,2030-12-03,https://pergamum.anac.gov.br/arquivos/PA2022-9240.pdf,,true
1603,PA0087,SNEJ,Privado,J.C. Peralta,ITAITUBA,PA,,,-4.324444,-56.088056,37.0,VFR,Sem Operação,8426,11/29,799.0,18.0,5000.0,0.5,,Terra,false,false,Cadastrado,,,,,false,2027-02-21,https://pergamum.anac.gov.br/arquivos/PA2017-0489.pdf,,true
1604,PA0088,SNFC,Privado,Marina do Caraipé,TUCURUÍ,PA,,,-3.859722,-49.682778,110.0,,,2947,06/24,350.0,20.0,2500.0,1.0,,Piçarra,false,false,Cadastrado,,,,,false,2031-11-08,https://pergamum.anac.gov.br/arquivos/PA2021-6235.pdf,,true
1605,PA0090,SNFJ,Privado,Pousada Thaimaçu,JACAREACANGA,PA,,,-9.058611,-56.591944,189.0,VFR,Sem Operação,2783,07/25,1300.0,19.0,5700.0,0.5,,Piçarra,false,false,Cadastrado,,,,,false,2024-03-11,https://pergamum.anac.gov.br/arquivos/PA2015-1279.pdf,,true
1606,PA0091,SNGM,Privado,Fazenda Epemaju,SÃO FÉLIX DO XINGU,PA,,,-5.56,-50.965278,240.0,VFR,Sem Operação,3772,09/27,600.0,18.0,5000.0,0.5,,Piçarra,false,false,Cadastrado,,,,,false,2025-11-18,https://pergamum.anac.gov.br/arquivos/PA2015-3035.pdf,,true
1608,PA0092,SNGR,Privado,Gorotire,CUMARU DO NORTE,PA,,,-7.783583,-51.133889,200.0,VFR,Sem Operação,3396,09/27,900.0,45.0,2500.0,0.5,,Grama,false,false,Cadastrado,,,,,false,2026-06-16,https://pergamum.anac.gov.br/arquivos/PA2016-1483.pdf,,true
1609,PA0126,SSFU,Privado,Antonio Furlaneto,DOM ELISEU,PA,,,-4.435556,-47.598611,280.0,VFR,Sem Operação,3743,11/29,1000.0,18.0,3200.0,0.5,,Piçarra,false,false,Cadastrado,,,,,false,2028-01-24,https://pergamum.anac.gov.br/arquivos/PA2018-0103.pdf,,true
1610,PA0096,SNLA,Privado,Fazenda Lagoa das Antas,CANAÃ DOS CARAJÁS,PA,,,-6.564722,-49.725,270.0,VFR,VFR,2651,09/27,1474.0,23.0,,,7/F/A/X/T,Asfalto,false,false,Cadastrado,,,,,false,2025-05-13,https://pergamum.anac.gov.br/arquivos/PA2015-1112.pdf,,true
1611,PA0099,SNNP,Privado,Nilo Peçanha,SÃO FÉLIX DO XINGU,PA,,,-8.066944,-52.167222,300.0,VFR,Sem Operação,2293,18/36,1200.0,60.0,,,8/F/C/Y/U,Grama,false,false,Cadastrado,,,,,false,2026-06-16,https://pergamum.anac.gov.br/arquivos/PA2016-1482.pdf,,true
1612,PA0100,SNOK,Privado,Fazenda Chão de Estrelas,AURORA DO PARÁ,PA,,,-2.3325,-47.656111,66.0,VFR,Sem Operação,2846,10/28,950.0,21.0,5700.0,0.5,,Cascalho,false,true,Cadastrado,,,,,false,2025-02-05,https://pergamum.anac.gov.br/arquivos/PA2023-12.070.pdf,,true
1613,PA0102,SNQW,Privado,Cururu,JACAREACANGA,PA,,,-7.564444,-57.742222,138.0,VFR,Sem Operação,2324,12/30,985.0,25.0,,,12/F/B/Y/U,Piçarra,false,false,Cadastrado,,,,,false,2025-04-02,https://pergamum.anac.gov.br/arquivos/PA2015-0209.pdf,,true
1614,PA0104,SNRQ,Privado,Porto Rico,JACAREACANGA,PA,,,-6.1055,-57.373944,101.0,VFR,Sem Operação,3870,11/29,980.0,18.0,5700.0,0.5,,Piçarra,false,false,Cadastrado,,,,,false,2023-08-29,https://pergamum.anac.gov.br/arquivos/PA2013-2187.pdf,,true
1615,PA0105,SNRV,Privado,Fazenda Rio Vermelho,SAPUCAIA,PA,,,-6.876111,-49.458611,137.0,VFR,Sem Operação,2907,06/24,800.0,18.0,5700.0,0.5,,Terra,false,false,Autorizado,,,,,false,2031-08-26,https://pergamum.anac.gov.br/arquivos/PA2021-5651.pdf,,true
1616,PA0106,SNSH,Privado,São José,SANTARÉM,PA,,,-2.574444,-54.732278,134.0,VFR,Sem Operação,3873,10/28,1500.0,30.0,5700.0,0.5,,Cascalho,false,false,Cadastrado,,,,,false,2024-03-26,https://pergamum.anac.gov.br/arquivos/PA2015-3184.pdf,,true
1617,PA0107,SNTP,Privado,Agropalma,TAILÂNDIA,PA,,,-2.529417,-48.754722,20.0,VFR,Sem Operação,2388,13/31,1300.0,20.0,,,8/F/A/Y/T,Piçarra,false,false,Cadastrado,,,,,false,2023-12-05,https://pergamum.anac.gov.br/arquivos/PA2015-3185.pdf,,true
1618,PA0108,SNVA,Privado,Fazenda Bela Vista,CUMARU DO NORTE,PA,,,-7.9875,-50.631667,316.0,VFR,Sem Operação,4262,02/20,1230.0,30.0,5700.0,0.5,,Piçarra,false,false,Cadastrado,,,,,false,2032-06-20,https://pergamum.anac.gov.br/arquivos/PA2022-8224.pdf,,true
1620,PA0110,SNXG,Privado,Fazenda dos Castanhais,SAPUCAIA,PA,,,-6.774722,-49.361389,227.0,VFR,Sem Operação,3828,14/32,1400.0,23.0,,,7/F/A/X/T,Asfalto,false,false,Cadastrado,,,,,false,2032-03-08,https://pergamum.anac.gov.br/arquivos/PA2022-7395.pdf,,true
1621,AC0007,SIMB,Privado,Manuel Urbano,MANOEL URBANO,AC,,,-8.849167,-69.266389,162.0,VFR,Sem Operação,11048,02/20,900.0,18.0,,,31/F/A/X/T,Asfalto,false,,Cadastrado,,,,,false,2024-10-23,https://pergamum.anac.gov.br/arquivos/PA2014-2469.pdf,,true
1622,PA0111,SNXK,Privado,Fazenda Lagoa do Triunfo,SÃO FÉLIX DO XINGU,PA,,,-6.538889,-52.769167,170.0,,,4489,02/20,1200.0,23.0,5700.0,0.5,,Cascalho,false,false,Cadastrado,,,,,false,2032-03-07,https://pergamum.anac.gov.br/arquivos/PA2022-7367.pdf,,true
1624,PA0114,SNYH,Privado,Fazenda Vale Sereno,CUMARU DO NORTE,PA,,,-8.700556,-51.1725,334.0,,,2418,13/31,1400.0,23.0,5700.0,0.5,,Piçarra,false,false,Cadastrado,,,,,false,2032-03-30,https://pergamum.anac.gov.br/arquivos/PA2022-7604.pdf,,true
1625,PA0120,SNZT,Privado,Fazenda Recreio,PARAGOMINAS,PA,,,-3.505,-48.333611,152.0,VFR,Sem Operação,2413,05/23,900.0,20.0,4500.0,0.5,,Terra,false,false,Cadastrado,,,,,false,2033-08-10,https://pergamum.anac.gov.br/arquivos/PA2023-12.011.pdf,,true
1626,PA0117,,Privado,Fazenda Água Azul,ITAITUBA,PA,,,-5.941944,-56.552778,155.0,,,3934,14/32,950.0,18.0,5700.0,0.5,,Cascalho,false,false,Cadastrado,,,,,false,2031-06-16,https://pergamum.anac.gov.br/arquivos/PA2021-5154.pdf,,true
1627,PA0121,SNZU,Privado,Vila Nova,TOMÉ-AÇU,PA,,,-2.855556,-48.232778,74.0,VFR,Sem Operação,2428,11/29,870.0,20.0,4500.0,0.5,,Terra,false,false,Cadastrado,,,,,false,2033-07-06,https://pergamum.anac.gov.br/arquivos/PA2023-11.732.pdf,,true
1628,PA0122,SNZV,Privado,Fazenda Beira Rio,ULIANÓPOLIS,PA,,,-3.722778,-47.477778,110.0,VFR,Sem Operação,3120,07/25,750.0,25.0,3000.0,0.5,,Cascalho,false,false,Cadastrado,,,,,false,,,,true
1629,PA0123,SSCU,Privado,Fazenda Santa Marina,SANTA MARIA DAS BARREIRAS,PA,,,-8.868056,-50.479444,307.0,VFR,Sem Operação,4257,07/25,900.0,20.0,5700.0,0.5,,Cascalho,false,false,Cadastrado,,,,,false,2024-02-28,https://pergamum.anac.gov.br/arquivos/PA2014-0484.pdf,,true
1632,PA0128,SSOP,Privado,Pista Porquinho,ITAITUBA,PA,,,-5.178889,-57.621111,151.0,VFR,Sem Operação,3559,06/24,799.0,18.0,5000.0,0.5,,Piçarra,false,false,Cadastrado,,,,,false,2028-09-05,https://pergamum.anac.gov.br/arquivos/PA2018-2634.pdf,,true
1633,PA0129,SSQG,Privado,Fazenda Bom Gosto,RONDON DO PARÁ,PA,,,-4.872028,-48.957583,158.0,VFR,Sem Operação,3576,04/22,700.0,18.0,5000.0,0.5,,Piçarra,false,false,Cadastrado,,,,,false,2028-09-18,https://pergamum.anac.gov.br/arquivos/PA2018-2816.pdf,,true
1634,PA0130,SSRM,Privado,Fazenda Santos Reis,RIO MARIA,PA,,,-7.406944,-50.068889,226.0,VFR,Sem Operação,2809,13/31,850.0,18.0,5700.0,0.5,,Piçarra,false,false,Cadastrado,,,,,false,2025-12-23,https://pergamum.anac.gov.br/arquivos/PA2015-3386.pdf,,true
1635,PA0131,SSTF,Privado,Fazenda Santa Fé,SANTANA DO ARAGUAIA,PA,,,-9.575,-50.351111,230.0,VFR,Sem Operação,3794,12/30,1200.0,30.0,5700.0,0.5,,Cascalho,false,false,Cadastrado,,,,,false,2024-09-11,https://pergamum.anac.gov.br/arquivos/PA2014-2111.pdf,,true
1636,PA0132,SSUC,Privado,Célia Neuza,SANTA BÁRBARA DO PARÁ,PA,,,-1.169167,-48.210556,18.0,VFR,Sem Operação,2367,10/28,550.0,18.0,1700.0,0.5,,Piçarra,false,false,Cadastrado,,,,,false,2024-11-14,https://pergamum.anac.gov.br/arquivos/PA2014-2679.pdf,,true
1637,PA0133,SSVX,Privado,Valeu Boi Leilões,RIO MARIA,PA,,,-7.301667,-50.031111,191.0,VFR,Sem Operação,2803,11/29,799.0,18.0,5000.0,0.5,,Piçarra,false,false,Cadastrado,,,,,false,2025-12-23,https://pergamum.anac.gov.br/arquivos/PA2015-3387.pdf,,true
1638,PA0134,SSWV,Privado,Fazenda Vista Alegre,SÃO FÉLIX DO XINGU,PA,,,-9.646389,-51.913333,309.0,VFR,Sem Operação,2707,18/36,1100.0,24.0,5700.0,0.5,,Terra,false,false,Cadastrado,,,,,false,2026-05-17,https://pergamum.anac.gov.br/arquivos/PA2016-1200.pdf,,true
1639,PA0135,SSXN,Privado,Aéreo Amazônia,ALTAMIRA,PA,,,-8.298333,-55.114722,250.0,,,4107,07/25,1100.0,50.0,4500.0,0.5,,Piçarra,false,false,Cadastrado,,,,,false,2032-05-24,https://pergamum.anac.gov.br/arquivos/PA2022-8028.pdf,,true
1640,PA0136,SSZO,Privado,Santa Marta I,SANTA MARIA DAS BARREIRAS,PA,,,-8.541389,-50.651667,280.0,,,2996,10/28,1000.0,30.0,5700.0,0.5,,Cascalho,false,false,Cadastrado,,,,,false,2031-12-07,https://pergamum.anac.gov.br/arquivos/PA2021-6492.pdf,,true
1641,PA0139,SWEQ,Privado,Clube de Esportes Aéreos e Náuticos do Pará,BELÉM,PA,,,-1.267222,-48.43,19.0,,,3121,10/28,600.0,18.0,3500.0,0.5,,Asfalto,false,false,Cadastrado,,,,,false,2032-02-24,https://pergamum.anac.gov.br/arquivos/PA2022-7305.pdf,,true
1644,PA0140,SWFP,Privado,Fazenda Prata,RURÓPOLIS,PA,,,-4.160556,-55.381944,123.0,VFR,Sem Operação,3239,01/19,799.0,18.0,4000.0,0.5,,Piçarra,false,false,Cadastrado,,,,,false,2027-12-11,https://pergamum.anac.gov.br/arquivos/PA2017-3923.pdf,,true
1645,PA0141,SWGZ,Privado,Fazenda Cangaia,TAILÂNDIA,PA,,,-3.0125,-48.898333,69.0,VFR,Sem Operação,4174,11/29,1300.0,20.0,,,16/F/B/Y/U,Asfalto,false,true,Cadastrado,,,,,false,2028-04-26,https://pergamum.anac.gov.br/arquivos/PA2023-10.771.pdf,,true
1646,PA0142,SWIV,Privado,Águia Branca do Parú,ALMEIRIM,PA,,,-1.268056,-53.261389,146.0,,,4093,12/30,700.0,18.0,2100.0,0.5,,Piçarra,false,false,Cadastrado,,,,,false,2032-10-05,https://pergamum.anac.gov.br/arquivos/PA2022-9325.pdf,,true
1647,PA0143,SWKH,Privado,Pista Aldeia Rio Vermelho (Krénhêdjã),OURILÂNDIA DO NORTE,PA,,,-7.661111,-51.619444,241.0,VFR,Sem Operação,3762,03/21,799.0,18.0,4000.0,0.5,,Terra,false,false,Cadastrado,,,,,false,2027-11-22,https://pergamum.anac.gov.br/arquivos/PA2017-3771.pdf,,true
1648,PA0144,SWKP,Privado,Pista Aldeia Krãnhãmpare,SÃO FÉLIX DO XINGU,PA,,,-8.733333,-51.847778,315.0,VFR,Sem Operação,3174,03/21,799.0,18.0,4000.0,0.5,,Piçarra,false,false,Cadastrado,,,,,false,2027-11-22,https://pergamum.anac.gov.br/arquivos/PA2017-3769.pdf,,true
1649,AM0027,SDFF,Privado,Fazenda Fusão,LÁBREA,AM,,,-9.568361,-67.305,174.0,VFR,Sem Operação,2412,04/22,600.0,18.0,5700.0,0.5,,Grama,false,false,Cadastrado,,,,,false,,,,true
1650,PA0145,SWKW,Privado,Pista Aldeia Kawatire,SÃO FÉLIX DO XINGU,PA,,,-7.719444,-52.755833,238.0,VFR,Sem Operação,3168,09/27,600.0,18.0,3000.0,0.5,,Terra,false,false,Cadastrado,,,,,false,2027-11-14,https://pergamum.anac.gov.br/arquivos/PA2017-3741.pdf,,true
1651,PA0146,SWMY,Privado,Clube de Voo Mãe Irene,ALTAMIRA,PA,,,-8.307472,-55.086889,251.0,VFR,Sem Operação,3815,09/27,490.0,18.0,5700.0,0.5,,Cascalho,false,false,Cadastrado,,,,,false,,,,true
1652,PA0147,SWNU,Privado,Fazenda Maringá,IPIXUNA DO PARÁ,PA,,,-3.161944,-48.106944,43.0,VFR,Sem Operação,3048,08/26,900.0,18.0,3175.0,0.5,,Piçarra,false,false,Cadastrado,,,,,false,2032-01-07,https://pergamum.anac.gov.br/arquivos/PA2021-6805.pdf,,true
1653,PA0148,SWQK,Privado,Pista Aldeia Kubenkrankenh,OURILÂNDIA DO NORTE,PA,,,-8.141,-52.122167,349.0,VFR,Sem Operação,3776,17/35,1050.0,23.0,5000.0,0.5,,Terra,false,false,Cadastrado,,,,,false,2026-01-05,https://pergamum.anac.gov.br/arquivos/PA2016-0010.pdf,,true
1654,PA0149,SWQY,Privado,Fazenda Peturú,PORTO DE MOZ,PA,,,-2.684444,-52.3675,117.0,VFR,Sem Operação,2938,05/23,965.0,18.0,5700.0,0.5,,Piçarra,false,false,Cadastrado,,,,,false,2031-07-21,https://pergamum.anac.gov.br/arquivos/PA2021-5386.pdf,,true
1655,PA0150,SWSX,Privado,Xinguara,XINGUARA,PA,,,-7.090556,-49.976389,247.0,VFR,Sem Operação,2852,13/31,950.0,23.0,5700.0,0.5,,Piçarra,false,false,Cadastrado,,,,,false,2026-07-06,https://pergamum.anac.gov.br/arquivos/PA2016-1693.pdf,,true
1656,PA0151,SWXO,Privado,Fazenda Porto Seguro,SÃO FÉLIX DO XINGU,PA,,,-7.131667,-52.727222,244.0,VFR,Sem Operação,4067,03/21,1000.0,30.0,3000.0,0.3,,Cascalho,false,false,Cadastrado,,,,,false,2033-08-18,https://pergamum.anac.gov.br/arquivos/PA2023-12.134.pdf,,true
1657,PA0153,SIBL,Privado,Clínica Porto Dias,BELÉM,PA,,,-1.4375,-48.458333,51.0,,,,,,,,,,,,,Cadastrado,,,,,false,2033-06-02,https://pergamum.anac.gov.br/arquivos/PA2023-11.406.pdf,,true
1658,PA0155,SIWI,Privado,Miriti Internacional Golfe Marina,MARITUBA,PA,,,-1.338611,-48.318611,14.0,,,,,,,,,,,,,Cadastrado,,,,,false,2032-10-07,https://pergamum.anac.gov.br/arquivos/PA2022-9364.pdf,,true
1661,PA0159,SSUX,Privado,Usina Biopalma Moju,MOJU,PA,,,-2.233056,-48.860278,15.0,,,,,,,,,,,,,Cadastrado,,,,,false,2024-07-31,https://pergamum.anac.gov.br/arquivos/PA2014-1762.pdf,,true
1662,PA0160,SNWZ,Privado,Fazenda Santa Maria,SANTANA DO ARAGUAIA,PA,,,-9.381667,-50.567778,212.0,VFR,Sem Operação,3223,12/30,1000.0,18.0,5700.0,0.5,,Cascalho,false,false,Cadastrado,,,,,false,2028-11-30,https://pergamum.anac.gov.br/arquivos/PA2018-3567.pdf,,true
1666,PA0157,SNAK,Privado,Carajás,PARAUAPEBAS,PA,,,-6.0775,-50.074167,653.0,,,,,,,,,,,,,Cadastrado,,,,,false,2033-04-04,https://pergamum.anac.gov.br/arquivos/PA2023-10808.pdf,,true
1705,PA0074,SJPL,Privado,Pista do Limão,ITAITUBA,PA,,,-5.745278,-56.388611,169.0,VFR,Sem Operação,3245,03/21,600.0,18.0,4000.0,0.5,,Terra,false,false,Cadastrado,,,,,false,2027-12-11,https://pergamum.anac.gov.br/arquivos/PA2017-3921.pdf,,true
1714,TO0076,SSJD,Privado,Fazenda Bacaba - JEM,MIRANORTE,TO,,,-9.528889,-48.777222,348.0,VFR,Sem Operação,3214,11/29,1100.0,20.0,5700.0,0.5,,Terra,false,false,Cadastrado,,,,,false,2029-12-20,https://pergamum.anac.gov.br/arquivos/PA2019-3885.pdf,,true
1730,PA0230,,Privado,Fazenda Cangaia,TAILÂNDIA,PA,,,-3.012556,-48.898889,,,,,,,,,,,,,,Autorizado,,,,,false,,,,true
1749,PA0190,,Privado,Munguba,ITAITUBA,PA,,,-4.823889,-57.229444,164.0,,,,,,,,,,,,,Autorizado,,,,,false,,,,true
1750,AM0067,,Privado,Bandeirante,MAUÉS,AM,,,-5.849444,-58.078889,323.0,,,,,,,,,,,,,Autorizado,,,,,false,,,,true
1751,PA0192,,Privado,Piranha,ITAITUBA,PA,,,-6.139167,-56.513056,304.0,VFR,Sem Operação,4247,06/24,500.0,20.0,4500.0,0.5,,Cascalho,false,false,Autorizado,,,,,false,,,,true
1752,PA0195,,Privado,Nova Aliança,ITAITUBA,PA,,,-5.959444,-56.453889,198.0,,,,,,,,,,,,,Autorizado,,,,,false,,,,true
1758,PI0035,SSDN,Privado,Fazenda Nova Fronteira,MATEIROS,TO,,,-10.3225,-45.984167,800.0,VFR,Sem Operação,3523,12/30,1050.0,20.0,5700.0,0.5,,Terra,false,false,Cadastrado,,,,,false,2028-09-18,https://pergamum.anac.gov.br/arquivos/PA2018-2730.pdf,,true
1782,AM0057,SIAM,Privado,Francisca Mendes,MANAUS,AM,,,-3.0325,-59.964167,113.0,,,,,,,,,,,,,Cadastrado,,,,,false,2024-08-14,https://pergamum.anac.gov.br/arquivos/PA2014-1898.pdf,,true
1784,PA0200,,Privado,Minuano,ITAITUBA,PA,,,-6.710556,-56.75,,,,,,,,,,,,,,Autorizado,,,,,false,,,,true
1786,PA0202,,Privado,Pista Fazenda São Felix,ITAITUBA,PA,,,-5.379167,-57.708056,164.0,VFR,Sem Operação,4283,02/20,380.0,18.0,4500.0,0.5,,Cascalho,false,false,Autorizado,,,,,false,,,,true
1894,AP0004,SINQ,Privado,Laranjal,LARANJAL DO JARI,AP,,,-0.789167,-52.488056,70.0,VFR,Sem Operação,4492,03/21,750.0,18.0,3000.0,0.5,,Cascalho,false,false,Cadastrado,,,,,false,2024-07-31,https://pergamum.anac.gov.br/arquivos/PA2016-2526.pdf,,true
1901,RO0063,,Privado,Fazenda Esteios,PORTO VELHO,RO,,,-9.730278,-65.6425,,VFR,Sem Operação,10543,16/34,1100.0,20.0,5700.0,0.5,,Cascalho,false,false,Autorizado,,,,,false,,,,true
1920,PA0158,SSSJ,Privado,HSM,BELÉM,PA,,,-1.437778,-48.468611,53.0,,,,,,,,,,,,,Cadastrado,,,,,false,2032-12-14,https://pergamum.anac.gov.br/arquivos/PA2022-9962.pdf,,true
1922,PA0222,,Privado,Fazenda Santa Rita,RIO MARIA,PA,,,-7.246667,-49.436667,173.0,VFR,Sem Operação,2950,03/21,750.0,20.0,5600.0,0.5,,Piçarra,false,false,Autorizado,,,,,false,,,,true
1926,TO0038,SNLZ,Privado,Fazenda Boca da Mata,DIVINÓPOLIS DO TOCANTINS,TO,,,-9.431944,-49.591111,204.0,,,4439,12/30,1200.0,20.0,5700.0,0.5,,Asfalto,false,false,Cadastrado,,,,,false,2033-08-24,https://pergamum.anac.gov.br/arquivos/PA2023-12.102.pdf,,true
1934,PA0065,SJAC,Privado,Citropar,CAPITÃO POÇO,PA,,,-1.840472,-47.184528,67.0,VFR,Sem Operação,3799,11/29,750.0,20.0,5700.0,0.5,,Piçarra,false,false,Cadastrado,,,,,false,2026-02-11,https://pergamum.anac.gov.br/arquivos/PA2016-0247.pdf,,true
1938,AC0011,SSRA,Privado,Santa Rosa do Purus,SANTA ROSA DO PURUS,AC,,,-9.446389,-70.482778,229.0,VFR,Sem Operação,11045,17/35,1100.0,23.0,,,31/F/A/X/T,Grama,false,false,Autorizado,,,,,false,2024-10-23,https://pergamum.anac.gov.br/arquivos/PA2014-2467.pdf,,true
1940,AM0034,SJJF,Privado,Pousada do Rio Roosevelt,NOVO ARIPUANÃ,AM,,,-8.495,-60.955556,102.0,VFR,Sem Operação,3919,05/23,700.0,18.0,4600.0,0.5,,Terra,false,false,Cadastrado,,,,,false,2030-09-09,https://pergamum.anac.gov.br/arquivos/PA2020-2267.pdf,,true
1941,AM0048,SWKU,Privado,Cucuí,SÃO GABRIEL DA CACHOEIRA,AM,,,1.120556,-66.841667,83.0,VFR,Sem Operação,4217,16/34,1200.0,30.0,,,13/F/C/Y/U,Asfalto,false,false,Cadastrado,,,,,false,2025-08-20,https://pergamum.anac.gov.br/arquivos/PA2015-1267.pdf,,true
1946,RO0062,,Privado,HOSPITAL DE URGÊNCIA E EMERGÊNCIA DE PORTO VELHO,PORTO VELHO,RO,,,-8.736389,-63.886944,,,,,,,,,,,,,,Autorizado,,,,,false,,,,true
1948,AM0040,SSKF,Privado,Fazenda Santa Fé,IRANDUBA,AM,,,-3.056944,-60.850278,90.0,VFR,Sem Operação,3623,06/24,800.0,30.0,5700.0,0.5,,Piçarra,false,false,Cadastrado,,,,,false,2028-02-21,https://pergamum.anac.gov.br/arquivos/PA2018-0543.pdf,,true
1949,AM0051,SWPC,Privado,Pari-Cachoeira,SÃO GABRIEL DA CACHOEIRA,AM,,,0.263056,-69.795556,115.0,VFR,Sem Operação,2918,13/31,1200.0,30.0,2500.0,0.5,,Piçarra,false,false,Cadastrado,,,,,false,2025-06-10,https://pergamum.anac.gov.br/arquivos/PA2015-1374.pdf,,true
1950,AM0053,SWSQ,Privado,São Joaquim,SÃO GABRIEL DA CACHOEIRA,AM,,,1.733056,-69.383889,165.0,VFR,Sem Operação,2992,10/28,1200.0,30.0,2500.0,0.5,,Asfalto,false,false,Cadastrado,,,,,false,2025-08-20,https://pergamum.anac.gov.br/arquivos/PA2015-1266.pdf,,false
1953,TO0070,,Privado,Fazenda Alternativa,ALMAS,TO,,,-11.23,-47.165833,496.0,VFR,Sem Operação,11741,18/36,1100.0,24.0,5600.0,0.5,,Terra,false,false,Cadastrado,,,,,false,2031-03-23,https://pergamum.anac.gov.br/arquivos/PA2021-4439.pdf,,true
1961,AM0055,SWUK,Privado,Uapui-Cachoeira,SÃO GABRIEL DA CACHOEIRA,AM,,,1.216389,-69.200556,76.0,VFR,Sem Operação,2995,18/36,900.0,30.0,2500.0,0.5,,Piçarra,false,false,Cadastrado,,,,,false,2025-06-12,https://pergamum.anac.gov.br/arquivos/PA2015-1415.pdf,,true
1962,AP0011,SSTQ,Privado,Silvestre,PEDRA BRANCA DO AMAPARI,AP,,,0.85,-51.907222,147.0,,,3376,05/23,1020.0,20.0,5700.0,0.5,,Terra,false,false,Cadastrado,,,,,false,2024-11-07,https://pergamum.anac.gov.br/arquivos/PA2021-5883.pdf,,true
1963,RO0060,,Privado,Fazenda Barra Mansa,MACHADINHO D'OESTE,RO,,,-9.051389,-61.541111,,,,,,,,,,,,,,Autorizado,,,,,false,,,,true
1972,AM0025,SBUY,Privado,Urucu,COARI,AM,,,-4.883056,-65.355833,64.0,VFR / IFR,VFR / IFR,2857,09/27,1320.0,30.0,,,14/F/D/X/T,Asfalto,false,false,Cadastrado,,,,,false,2032-08-01,https://pergamum.anac.gov.br/arquivos/PA2022-8641.pdf,,true
1974,AM0054,SWTR,Privado,Taraquá,SÃO GABRIEL DA CACHOEIRA,AM,,,0.124722,-68.545556,75.0,VFR,Sem Operação,3123,02/20,1000.0,30.0,,,7/F/C/X/T,Terra,false,false,Cadastrado,,,,,false,2025-06-10,https://pergamum.anac.gov.br/arquivos/PA2015-1375.pdf,,true
1975,AP0005,SISM,Privado,Sérgio Miranda,MACAPÁ,AP,,,0.040278,-51.149444,19.0,VFR,Sem Operação,2858,08/26,580.0,18.0,2100.0,0.5,,Piçarra,false,false,Cadastrado,,,,,false,2026-02-17,https://pergamum.anac.gov.br/arquivos/PA2016-0298.pdf,,true
2068,RR0118,,Privado,Fazenda Vale da Serra,MUCAJAÍ,RR,,,2.5925,-61.441389,,,,,,,,,,,,,,Autorizado,,,,,false,,,,true
2084,AC0014,,Privado,PRF/AC,RIO BRANCO,AC,,,-10.006083,-67.808417,,,,,,,,,,,,,,Autorizado,,,,,false,,,,true
2116,AC0008,SDL4,Privado,Porto Walter,PORTO WALTER,AC,,,-8.271667,-72.745278,213.0,,,4317,01/19,900.0,18.0,5100.0,0.5,,Asfalto,false,true,Cadastrado,,,,,false,2031-10-08,https://pergamum.anac.gov.br/arquivos/PA2021-6060.pdf,,true
2124,PA0227,,Privado,Pista Piranhas,ITAITUBA,PA,,,-6.135556,-56.502778,,,,,,,,,,,,,,Autorizado,,,,,false,,,,true
2130,AM0030,SDLR,Privado,Luiz Ribeiro Maia,TAPAUÁ,AM,,,-5.636111,-63.185833,51.0,VFR,Sem Operação,3635,04/22,1200.0,23.0,,,8/F/B/Y/U,Asfalto,false,false,Cadastrado,,,,,false,2027-10-17,https://pergamum.anac.gov.br/arquivos/PA2017-3287.pdf,,true
2132,AM0086,,Privado,ABACAXI,MAUÉS,AM,,,-5.865,-58.577222,,,,,,,,,,,,,,Autorizado,,,,,false,,,,true
2154,AM0032,SIYW,Privado,Fazenda Estrela,LÁBREA,AM,,,-9.5375,-65.731111,166.0,VFR,Sem Operação,3770,01/19,700.0,18.0,5700.0,0.5,,Terra,false,false,Cadastrado,,,,,false,2027-04-20,https://pergamum.anac.gov.br/arquivos/PA2017-1145.pdf,,true
2158,AM0059,SJGA,Privado,Hospital Universitário Getúlio Vargas,MANAUS,AM,,,-3.116111,-60.019167,122.0,,,,,,,,,,,,,Cadastrado,,,,,false,2026-11-16,https://pergamum.anac.gov.br/arquivos/PA2016-2892.pdf,,true
2200,AM0056,SDEH,Privado,Hospital Zona Norte,MANAUS,AM,,,-2.998056,-60.03,110.0,,,,,,,,,,,,,Cadastrado,,,,,false,2026-05-17,https://pergamum.anac.gov.br/arquivos/PA2016-1204.pdf,,true
2213,AM0085,,Privado,Heliponto Samel,MANAUS,AM,,,-3.100639,-59.9975,,,,,,,,,,,,,,Autorizado,,,,,false,,,,true
2216,GO0132,SWJM,Privado,Fazenda Bom Jesus,NOVO ALEGRE,TO,,,-12.950833,-46.566111,630.0,VFR,Sem Operação,4581,06/24,900.0,40.0,2500.0,0.5,,Terra,false,false,Cadastrado,,,,,false,,,,false
2228,PA0189,,Privado,Pista Água Boa,ITAITUBA,PA,,,-6.45,-56.316667,296.0,,,,,,,,,,,,,Autorizado,,,,,false,,,,true
2369,PA0167,SNXN,Privado,Fazenda Novo Progresso,ALTAMIRA,PA,,,-6.621389,-54.983889,269.0,VFR,Sem Operação,3512,18/36,1000.0,20.0,5500.0,0.5,,Cascalho,false,false,Cadastrado,,,,,false,2029-10-03,https://pergamum.anac.gov.br/arquivos/PA2019-2937.pdf,,true
2378,AM0038,SNLB,Privado,Fazenda Magdalena,LÁBREA,AM,,,-9.203056,-65.708611,142.0,VFR,Sem Operação,3951,01/19,700.0,18.0,5700.0,0.5,,Terra,false,false,Cadastrado,,,,,false,2027-02-21,https://pergamum.anac.gov.br/arquivos/PA2017-0491.pdf,,true
2383,AM0039,SNRH,Privado,João Fonseca,ENVIRA,AM,,,-7.443333,-70.019722,140.0,VFR,Sem Operação,11052,13/31,1200.0,23.0,,,18/F/D/X/U,Asfalto,false,,Cadastrado,,,,,false,2027-09-05,https://pergamum.anac.gov.br/arquivos/PA2017-2963.pdf,,true
2392,TO0077,,Privado,FORMEHL AGRO,PORTO NACIONAL,TO,,,-10.657222,-48.4575,,,,,,,,,,,,,,Autorizado,,,,,false,,,,true
2395,RO0011,SIBN,Privado,Savana,JARU,RO,,,-10.441389,-62.507222,175.0,VFR,Sem Operação,2842,05/23,700.0,18.0,5700.0,0.5,,Terra,false,false,Cadastrado,,,,,false,2025-10-09,https://pergamum.anac.gov.br/arquivos/PA2015-2666.pdf,,true
2403,RO0012,SIDG,Privado,Irmãos Gonçalves,JARU,RO,,,-10.423333,-62.517222,200.0,VFR,VFR,11068,07/25,1200.0,80.0,,,8/F/C/Y/U,Asfalto,false,true,Cadastrado,,,,,false,2024-07-11,https://pergamum.anac.gov.br/arquivos/PA2014-1546.pdf,,true
2405,RO0013,SIEL,Privado,Eletro Cesar Primavera,PIMENTA BUENO,RO,,,-11.903889,-61.225833,204.0,VFR,VFR,11069,14/32,799.0,18.0,,,64/F/B/X/T,Asfalto,false,true,Cadastrado,,,,,false,2024-09-11,https://pergamum.anac.gov.br/arquivos/PA2021-4309.pdf,,true
2406,RO0014,SIWO,Privado,Fazenda Juliana,CHUPINGUAIA,RO,,,-12.6825,-61.088889,329.0,,,4098,08/26,1000.0,18.0,,,8/F/B/Y/T,Grama,false,false,Cadastrado,,,,,false,2031-10-22,https://pergamum.anac.gov.br/arquivos/PA2021-6178.pdf,,true
2423,TO0059,SJZZ,Privado,AGROPECUÁRIA ZÉ REIS,PALMEIRÓPOLIS,TO,,,-13.018889,-48.415833,455.0,VFR,VFR,7681,03/21,1530.0,20.0,5700.0,0.5,,Asfalto,false,true,Cadastrado,,,,,false,2030-05-08,https://pergamum.anac.gov.br/arquivos/PA2020-0986.pdf,,true
2428,RO0017,SJNK,Privado,Fazenda Três Perobas,SANTA LUZIA D'OESTE,RO,,,-12.081667,-61.642778,341.0,VFR,Sem Operação,3963,02/20,980.0,36.0,5000.0,0.5,,Cascalho,false,false,Autorizado,,,,,false,2031-04-22,https://pergamum.anac.gov.br/arquivos/PA2021-4753.pdf,,true
2429,PA0173,,Privado,Agro Mineral Santa Clara,ITAITUBA,PA,,,-7.091667,-56.729167,244.0,,,,,,,,,,,,,Autorizado,,,,,false,,,,true
2431,TO0074,,Privado,SÃO JUDAS TADEU,ESPERANTINA,TO,,,-5.296111,-48.420833,,,,,,,,,,,,,,Autorizado,,,,,false,,,,true
2435,RO0018,SJTF,Privado,Fazenda Mequéns,ALTA FLORESTA D'OESTE,RO,,,-13.0625,-62.26,170.0,,,4037,08/26,1200.0,20.0,5000.0,0.5,,Cascalho,false,false,Cadastrado,,,,,false,2031-12-10,https://pergamum.anac.gov.br/arquivos/PA2021-6555.pdf,,true
2436,RO0019,SJTN,Privado,Fazenda Triunfo,CANDEIAS DO JAMARI,RO,,,-9.176389,-63.6775,96.0,VFR,Sem Operação,3418,01/19,1300.0,18.0,5700.0,0.5,,Cascalho,false,false,Cadastrado,,,,,false,2025-04-23,https://pergamum.anac.gov.br/arquivos/PA2015-0963.pdf,,true
2437,RO0021,SNCC,Privado,Fazenda Centrino,CABIXI,RO,,,-13.576111,-60.802778,196.0,VFR,Sem Operação,2764,13/31,1000.0,18.0,5700.0,0.5,,Cascalho,false,false,Cadastrado,,,,,false,2026-03-01,https://pergamum.anac.gov.br/arquivos/PA2016-0432.pdf,,true
2439,RO0040,SDXG,Privado,Seringueiras Tradição,SERINGUEIRAS,RO,,,-11.763833,-63.02175,179.0,,,,,,,,,,,,,Cadastrado,,,,,false,2025-05-18,https://pergamum.anac.gov.br/arquivos/PA2015-1175.pdf,,true
2442,RO0022,SNFH,Privado,Usina César Filho,CHUPINGUAIA,RO,,,-12.261889,-61.176583,300.0,VFR,Sem Operação,2841,01/19,767.0,22.0,5700.0,0.5,,Cascalho,false,false,Cadastrado,,,,,false,2030-10-08,https://pergamum.anac.gov.br/arquivos/PA2020-2436.pdf,,true
2443,RO0023,SNIZ,Privado,Fazenda Jaqueline,VILHENA,RO,,,-12.8825,-60.119444,592.0,VFR,Sem Operação,3805,11/29,1300.0,18.0,5000.0,0.5,,Cascalho,false,false,Cadastrado,,,,,false,2024-06-16,https://pergamum.anac.gov.br/arquivos/PA2014-1392.pdf,,true
2444,RO0024,SNZD,Privado,Fazenda Capivara,PIMENTEIRAS DO OESTE,RO,,,-13.391389,-61.068889,190.0,VFR,Sem Operação,2444,07/25,1000.0,20.0,5700.0,0.5,,Cascalho,false,false,Cadastrado,,,,,false,2025-05-22,https://pergamum.anac.gov.br/arquivos/PA2015-1215.pdf,,true
2446,RO0028,SWBS,Privado,Rolim de Moura,ROLIM DE MOURA,RO,,,-11.656667,-61.776111,250.0,VFR,Sem Operação,3001,02/20,1600.0,30.0,5700.0,0.5,,Cascalho,false,false,Cadastrado,,,,,false,2032-08-09,https://pergamum.anac.gov.br/arquivos/PA2023-10.898.pdf,,true
2447,RO0029,SWFE,Privado,Fazenda São Félix,MACHADINHO D'OESTE,RO,,,-9.292778,-61.806667,142.0,VFR,Sem Operação,4524,16/34,800.0,18.0,5000.0,0.5,,Cascalho,false,false,Cadastrado,,,,,false,2033-08-03,https://pergamum.anac.gov.br/arquivos/PA2023-11.936.pdf,,true
2448,RO0041,SIHJ,Privado,Jaru Tradição,JARU,RO,,,-10.442444,-62.44825,154.0,,,,,,,,,,,,,Cadastrado,,,,,false,2024-12-31,https://pergamum.anac.gov.br/arquivos/PA2014-3179.pdf,,true
2450,RO0030,SWKL,Privado,Fazenda Primavera do Terebinto,ALTO ALEGRE DOS PARECIS,RO,,,-12.557778,-61.996111,180.0,VFR,Sem Operação,2747,11/29,800.0,20.0,3000.0,0.5,,Grama,false,false,Cadastrado,,,,,false,,,,true
2451,RO0031,SWLM,Privado,Fazenda Mustang II,CANDEIAS DO JAMARI,RO,,,-9.245278,-63.556667,96.0,VFR,Sem Operação,3532,10/28,900.0,20.0,5700.0,0.5,,Cascalho,false,false,Cadastrado,,,,,false,2028-09-26,https://pergamum.anac.gov.br/arquivos/PA2018-2854.pdf,,true
2452,RO0032,SWPF,Privado,Fazenda Primavera,PIMENTEIRAS DO OESTE,RO,,,-13.459444,-61.233889,168.0,VFR,Sem Operação,3847,02/20,1300.0,18.0,5700.0,0.5,,Cascalho,false,false,Cadastrado,,,,,false,2026-07-15,https://pergamum.anac.gov.br/arquivos/PA2016-1813.pdf,,true
2453,RO0033,SWRD,Privado,Chácara Rondoagro,SÃO MIGUEL DO GUAPORÉ,RO,,,-11.732222,-62.709167,189.0,,,3649,01/19,800.0,18.0,5700.0,0.5,,Cascalho,false,false,Cadastrado,,,,,false,2027-01-23,https://pergamum.anac.gov.br/arquivos/PA2022-9535.pdf,,true
2455,RO0034,SWRG,Privado,Rancho Maria e Tereza,GUAJARÁ-MIRIM,RO,,,-10.826111,-65.229444,150.0,VFR,Sem Operação,4623,06/24,1100.0,23.0,5700.0,0.5,,Grama,false,false,Cadastrado,,,,,false,2033-07-25,https://pergamum.anac.gov.br/arquivos/PA2023-11.928.pdf,,true
2456,RO0035,SWRL,Privado,Fazenda Pouso Redondo,CORUMBIARA,RO,,,-12.977222,-61.049167,289.0,VFR,Sem Operação,2744,02/20,1300.0,23.0,,,20/F/B/Y/U,Asfalto,false,false,Cadastrado,,,,,false,2024-01-17,https://pergamum.anac.gov.br/arquivos/PA2014-0114.pdf,,true
2459,RO0036,SWRM,Privado,FAZENDA REMANSO,CACOAL,RO,,,-11.182222,-61.088889,227.0,VFR,Sem Operação,3237,02/20,1200.0,20.0,5700.0,0.5,,Cascalho,false,false,Cadastrado,,,,,false,2027-12-08,https://pergamum.anac.gov.br/arquivos/PA2017-3944.pdf,,true
2460,RO0037,SWTL,Privado,Fazenda Corumbiara,PARECIS,RO,,,-12.514444,-61.303889,374.0,VFR,Sem Operação,4144,10/28,1000.0,18.0,5500.0,0.5,,Cascalho,false,false,Cadastrado,,,,,false,2032-12-22,https://pergamum.anac.gov.br/arquivos/PA2022-10061.pdf,,true
2461,RO0038,SWXC,Privado,Fazenda Tropical,CORUMBIARA,RO,,,-12.885556,-61.298611,303.0,,,4746,18/36,1100.0,18.0,5700.0,0.5,,Asfalto,false,false,Cadastrado,,,,,false,2032-03-17,https://pergamum.anac.gov.br/arquivos/PA2022-7509.pdf,,true
2464,RO0042,SIQL,Privado,Cacoal Tradição,CACOAL,RO,,,-11.441667,-61.480833,180.0,,,,,,,,,,,,,Cadastrado,,,,,false,2025-05-18,https://pergamum.anac.gov.br/arquivos/PA2015-1172.pdf,,true
2465,RO0043,SJPA,Privado,Palácio Rio Madeira,PORTO VELHO,RO,,,-8.749722,-63.910278,150.0,,,,,,,,,,,,,Cadastrado,,,,,false,2026-09-27,https://pergamum.anac.gov.br/arquivos/PA2016-2530.pdf,,true
2466,RO0044,SNLU,Privado,Santa Luzia D'Oeste Tradição,SANTA LUZIA D'OESTE,RO,,,-11.904722,-61.792778,249.0,,,,,,,,,,,,,Cadastrado,,,,,false,2025-05-18,https://pergamum.anac.gov.br/arquivos/PA2015-1173.pdf,,true
2467,RO0045,SNUQ,Privado,Urupá Tradição,URUPÁ,RO,,,-11.116389,-62.361111,200.0,,,,,,,,,,,,,Cadastrado,,,,,false,2025-05-18,https://pergamum.anac.gov.br/arquivos/PA2015-1174.pdf,,true
2468,RO0046,SWDS,Privado,Condomínio Aéreo Santos Dumont,JI-PARANÁ,RO,,,-10.953889,-61.993333,194.0,VFR,Sem Operação,3611,14/32,800.0,18.0,5700.0,0.5,,Cascalho,false,false,Cadastrado,,,,,false,2028-11-30,https://pergamum.anac.gov.br/arquivos/PA2018-3571.pdf,,true
2476,RR0003,SDJS,Privado,Andorinha,UIRAMUTÃ,RR,,,4.727222,-60.241667,224.0,VFR,Sem Operação,2869,13/31,820.0,20.0,4000.0,0.5,,Terra,false,false,Cadastrado,,,,,false,2030-11-03,https://pergamum.anac.gov.br/arquivos/PA2020-2874.pdf,,true
2480,RR0004,SDKA,Privado,Angical,NORMANDIA,RR,,,4.165,-59.835,56.0,VFR,Sem Operação,2899,13/31,432.0,12.0,4000.0,0.5,,Terra,false,false,Cadastrado,,,,,false,2030-11-16,https://pergamum.anac.gov.br/arquivos/PA2020-2881.pdf,,true
2482,PA0240,,Privado,Boaventura,SANTARÉM,PA,,,-2.660306,-55.738194,,,,,,,,,,,,,,Autorizado,,,,,false,,,,true
2486,RR0006,SDKZ,Privado,Caraparu 4,UIRAMUTÃ,RR,,,4.558056,-60.47,239.0,VFR,Sem Operação,2902,11/29,615.0,20.0,4000.0,0.5,,Terra,false,false,Cadastrado,,,,,false,2030-11-03,https://pergamum.anac.gov.br/arquivos/PA2020-2803.pdf,,true
2488,RR0008,SDMG,Privado,HAXIU,ALTO ALEGRE,RR,,,2.675833,-63.746944,120.0,VFR,Sem Operação,2870,18/36,515.0,19.0,4000.0,0.5,,Grama,false,false,Cadastrado,,,,,false,2030-11-03,https://pergamum.anac.gov.br/arquivos/PA2020-2872.pdf,,true
2489,RR0009,SDMM,Privado,Lago Verde,PACARAIMA,RR,,,4.557778,-60.786111,330.0,VFR,Sem Operação,4378,02/20,514.0,12.0,4000.0,0.5,,Terra,false,false,Cadastrado,,,,,false,2030-11-03,https://pergamum.anac.gov.br/arquivos/PA2020-2887.pdf,,true
2492,AM0041,SSTM,Privado,Fazenda Santo Antônio,MANICORÉ,AM,,,-7.793056,-61.683889,75.0,VFR,Sem Operação,3243,18/36,1000.0,20.0,5700.0,0.5,,Cascalho,false,false,Cadastrado,,,,,false,2027-12-08,https://pergamum.anac.gov.br/arquivos/PA2017-3964.pdf,,true
2494,AM0050,SWNA,Privado,Novo Aripuanã,NOVO ARIPUANÃ,AM,,,-5.1175,-60.364444,36.0,VFR,Sem Operação,3209,07/25,1200.0,27.0,5700.0,0.5,,Asfalto,false,false,Cadastrado,,,,,false,2026-09-15,https://pergamum.anac.gov.br/arquivos/PA2016-1952.pdf,,true
2496,RR0012,SDPX,Privado,Nova Vitória,PACARAIMA,RR,,,4.498889,-60.941667,157.0,VFR,Sem Operação,3026,12/30,608.0,13.0,4000.0,0.5,,Terra,false,false,Cadastrado,,,,,false,2030-11-03,https://pergamum.anac.gov.br/arquivos/PA2020-2905.pdf,,true
2497,RR0014,SDRP,Privado,Onkiola,AMAJARI,RR,,,3.711944,-64.1625,206.0,VFR,Sem Operação,2878,07/25,400.0,16.0,4000.0,0.5,,Terra,false,false,Cadastrado,,,,,false,2030-11-10,https://pergamum.anac.gov.br/arquivos/PA2020-2091.pdf,,true
2498,RR0016,SDSD,Privado,Samã I,PACARAIMA,RR,,,4.411944,-60.951667,169.0,VFR,Sem Operação,2873,12/30,600.0,15.0,4000.0,0.5,,Terra,false,false,Cadastrado,,,,,false,2030-11-03,https://pergamum.anac.gov.br/arquivos/PA2020-2889.pdf,,true
2499,RR0017,SDSP,Privado,Santa Inês,AMAJARI,RR,,,4.136389,-61.340278,58.0,VFR,Sem Operação,2937,17/35,620.0,20.0,4000.0,0.5,,Terra,false,false,Cadastrado,,,,,false,2030-11-03,https://pergamum.anac.gov.br/arquivos/PA2020-2916.pdf,,true
2504,RR0020,SDVF,Privado,Santo Antônio do Pão,UIRAMUTÃ,RR,,,4.589722,-60.181389,199.0,VFR,Sem Operação,2895,12/30,688.0,20.0,4000.0,0.5,,Terra,false,false,Cadastrado,,,,,false,2030-11-03,https://pergamum.anac.gov.br/arquivos/PA2020-2954.pdf,,true
2510,PA0197,,Privado,SANTA MARIA,ITAITUBA,PA,,,-7.145833,-56.640833,210.0,,,,,,,,,,,,,Autorizado,,,,,false,,,,true
2527,RR0021,SDVP,Privado,São Luiz Cotingo,UIRAMUTÃ,RR,,,4.333889,-60.493611,60.0,VFR,Sem Operação,2906,07/25,635.0,20.0,3000.0,0.5,,Grama,false,false,Cadastrado,,,,,false,2030-11-03,https://pergamum.anac.gov.br/arquivos/PA2020-2957.pdf,,true
2532,TO0079,,Privado,Fazenda Esplanada,PEIXE,TO,,,-12.213333,-48.555833,279.0,VFR,Sem Operação,11642,13/31,800.0,23.0,5600.0,0.5,,Terra,false,false,Cadastrado,,,,,false,2031-02-25,https://pergamum.anac.gov.br/arquivos/PA2021- 4225.pdf,,true
2541,RR0022,SDWF,Privado,SAPAN,PACARAIMA,RR,,,4.574167,-60.739722,332.0,VFR,Sem Operação,2905,18/36,614.0,12.0,4000.0,0.5,,Terra,false,false,Cadastrado,,,,,false,2030-11-08,https://pergamum.anac.gov.br/arquivos/PA2020-2924.pdf,,true
2542,RR0023,SDWO,Privado,SAUBA,AMAJARI,RR,,,3.863889,-62.579722,73.0,VFR,Sem Operação,2897,15/33,450.0,15.0,4000.0,0.5,,Grama,false,false,Cadastrado,,,,,false,2030-11-03,https://pergamum.anac.gov.br/arquivos/PA2020-2921.pdf,,true
2543,RR0024,SDXA,Privado,SAWI,NORMANDIA,RR,,,4.211944,-60.004444,110.0,VFR,Sem Operação,3435,05/23,527.0,13.0,4000.0,0.5,,Terra,false,false,Cadastrado,,,,,false,2030-11-03,https://pergamum.anac.gov.br/arquivos/PA2020-2892.pdf,,true
2547,RR0026,SDYT,Privado,Tucuxim,AMAJARI,RR,,,3.763889,-63.986944,137.0,VFR,Sem Operação,3436,15/33,500.0,19.0,4500.0,0.5,,Terra,false,false,Cadastrado,,,,,false,2030-11-19,https://pergamum.anac.gov.br/arquivos/PA2020-2922.pdf,,true
2550,RR0027,SDZC,Privado,Uxiu,MUCAJAÍ,RR,,,2.708056,-62.668889,75.0,VFR,Sem Operação,2874,01/19,420.0,16.0,4000.0,0.5,,Terra,false,false,Cadastrado,,,,,false,2030-11-03,https://pergamum.anac.gov.br/arquivos/PA2020-2893.pdf,,true
2551,RR0028,SDZK,Privado,Waphuta,ALTO ALEGRE,RR,,,2.991667,-63.709722,208.0,VFR,Sem Operação,2871,13/31,350.0,14.0,4000.0,0.5,,Terra,false,false,Cadastrado,,,,,false,2030-11-06,https://pergamum.anac.gov.br/arquivos/PA2020-2924.pdf,,true
2559,RR0029,SDZN,Privado,Warogarem,UIRAMUTÃ,RR,,,4.806111,-60.219444,224.0,VFR,Sem Operação,4379,17/35,790.0,20.0,4000.0,0.5,,Terra,false,false,Cadastrado,,,,,false,2030-11-03,https://pergamum.anac.gov.br/arquivos/PA2020-2894.pdf,,true
2561,RR0030,SDZO,Privado,Waromada,UIRAMUTÃ,RR,,,4.5775,-60.443611,203.0,VFR,Sem Operação,4377,01/19,505.0,18.0,4000.0,0.5,,Terra,false,false,Cadastrado,,,,,false,2030-11-03,https://pergamum.anac.gov.br/arquivos/PA2020-2890.pdf,,true
2562,RR0031,SIRR,Privado,Ecotur Univini Park,CARACARAÍ,RR,,,0.801389,-61.660556,81.0,VFR,Sem Operação,4607,03/21,700.0,18.0,2000.0,0.5,,Terra,false,false,Cadastrado,,,,,false,2025-11-09,https://pergamum.anac.gov.br/arquivos/PA2015-2951.pdf,,true
2593,RR0033,SJKL,Privado,Canã,NORMANDIA,RR,,,4.618889,-60.071667,303.0,VFR,Sem Operação,3962,02/20,650.0,25.0,4000.0,0.5,,Terra,false,false,Cadastrado,,,,,false,,,,false
2594,RR0037,SJKP,Privado,Caraparu,UIRAMUTÃ,RR,,,4.541111,-60.463056,364.0,VFR,Sem Operação,3366,18/36,800.0,20.0,4000.0,0.5,,Terra,false,false,Cadastrado,,,,,false,2033-02-28,https://pergamum.anac.gov.br/arquivos/PA2023-10.527.pdf,,true
2598,RR0038,SJKQ,Privado,Caramambatai (Mapae),UIRAMUTÃ,RR,,,5.123056,-60.585806,606.0,VFR,Sem Operação,4484,17/35,700.0,20.0,4000.0,0.5,,Cascalho,false,false,Cadastrado,,,,,false,,,,true
2599,RR0039,SJKS,Privado,Catrimani I,IRACEMA,RR,,,2.375556,-63.008333,333.0,VFR,Sem Operação,3982,11/29,700.0,30.0,3000.0,0.5,,Grama,false,false,Cadastrado,,,,,false,,,,true
2601,RR0041,SJKU,Privado,Cumaipá,UIRAMUTÃ,RR,,,4.813889,-60.473611,667.0,VFR,Sem Operação,3981,01/19,700.0,20.0,4000.0,0.5,,Terra,false,false,Cadastrado,,,,,false,,,,true
2604,RR0042,SJKV,Privado,Cumanã 1,PACARAIMA,RR,,,4.470278,-60.778056,363.0,VFR,Sem Operação,3980,10/28,800.0,25.0,4000.0,0.5,,Terra,false,false,Cadastrado,,,,,false,,,,true
2605,RR0046,SJLA,Privado,Flechal,UIRAMUTÃ,RR,,,4.661389,-60.291944,606.0,VFR,Sem Operação,3983,09/27,700.0,20.0,4000.0,0.5,,Cascalho,false,false,Cadastrado,,,,,false,,,,true
2606,RR0050,SJLH,Privado,Jacamim,BONFIM,RR,,,2.176111,-59.783889,151.0,VFR,Sem Operação,4014,09/27,600.0,20.0,4000.0,0.5,,Terra,false,false,Cadastrado,,,,,false,2033-03-03,https://pergamum.anac.gov.br/arquivos/PA2023-10.555.pdf,,true
2607,RR0051,SJLJ,Privado,Jatapuzinho,CAROEBE,RR,,,0.597222,-59.221667,121.0,VFR,Sem Operação,3984,11/29,700.0,30.0,4000.0,0.5,,Terra,false,false,Cadastrado,,,,,false,,,,true
2608,RR0053,SJLL,Privado,Maturuca,UIRAMUTÃ,RR,,,4.460833,-60.100278,455.0,VFR,Sem Operação,4016,08/26,650.0,20.0,4000.0,0.5,,Terra,false,false,Cadastrado,,,,,false,,,,true
2614,PA0237,,Privado,Serra 02,CURIONÓPOLIS,PA,,,-5.939417,-49.670778,351.0,,,,,,,,,,,,,Autorizado,,,,,false,,,,true
2623,RR0059,SJLS,Privado,Marupá,BONFIM,RR,,,2.125278,-59.821389,151.0,VFR,Sem Operação,4017,18/36,600.0,20.0,4000.0,0.5,,Terra,false,false,Cadastrado,,,,,false,,,,true
2627,RR0061,SJLU,Privado,Missão Catrimani,CARACARAÍ,RR,,,1.740833,-62.286389,121.0,VFR,Sem Operação,4001,08/26,750.0,30.0,5600.0,0.5,,Cascalho,false,false,Cadastrado,,,,,false,2033-03-07,https://pergamum.anac.gov.br/arquivos/PA2023-10.590.pdf,,true
2630,RR0062,SJLV,Privado,Morro,UIRAMUTÃ,RR,,,4.357222,-59.97,546.0,VFR,Sem Operação,4051,18/36,700.0,20.0,4000.0,0.5,,Terra,false,false,Cadastrado,,,,,false,,,,true
2631,RR0063,SJLW,Privado,Mudubim 1,UIRAMUTÃ,RR,,,4.421667,-60.489722,455.0,VFR,Sem Operação,4030,09/27,600.0,20.0,4000.0,0.5,,Terra,false,false,Cadastrado,,,,,false,2033-03-02,https://pergamum.anac.gov.br/arquivos/PA2023-10.593.pdf,,true
2637,RR0064,SJLX,Privado,Mutum,UIRAMUTÃ,RR,,,4.453056,-59.853889,546.0,VFR,Sem Operação,4086,09/27,650.0,20.0,4000.0,0.5,,Terra,false,false,Cadastrado,,,,,false,2033-03-07,https://pergamum.anac.gov.br/arquivos/PA2023-10.610.pdf,,false
2645,RR0065,SJMD,Privado,Paapiú Novo,IRACEMA,RR,,,2.722778,-62.950278,212.0,VFR,Sem Operação,3964,17/35,600.0,30.0,3000.0,0.5,,Grama,false,false,Cadastrado,,,,,false,,,,true
2647,RR0066,SJME,Privado,Mato Grosso,PACARAIMA,RR,,,4.570556,-60.903056,848.0,VFR,Sem Operação,4002,06/24,700.0,25.0,4000.0,0.5,,Cascalho,false,false,Cadastrado,,,,,false,2033-03-01,https://pergamum.anac.gov.br/arquivos/PA2023-10.586.pdf,,true
2648,RR0067,SJMF,Privado,Pacú,NORMANDIA,RR,,,4.163889,-60.222222,303.0,VFR,Sem Operação,3970,09/27,600.0,20.0,4000.0,0.5,,Terra,false,false,Cadastrado,,,,,false,,,,true
2649,RR0069,SJMI,Privado,Parafuri,ALTO ALEGRE,RR,,,3.288056,-63.843056,606.0,VFR,Sem Operação,3972,08/26,600.0,30.0,3000.0,0.5,,Grama,false,false,Cadastrado,,,,,false,,,,true
2655,BA0296,,Privado,Ilmo Eugênio da Cunha,MATEIROS,TO,,,-10.456389,-45.84,,,,,,,,,,,,,,Autorizado,,,,,false,,,,false
2661,RR0070,SJMJ,Privado,Pedra Branca,UIRAMUTÃ,RR,,,4.457222,-60.267778,454.0,VFR,Sem Operação,4053,04/22,900.0,30.0,4000.0,0.5,,Cascalho,false,false,Cadastrado,,,,,false,2033-03-06,https://pergamum.anac.gov.br/arquivos/PA2023-10.614.pdf,,true
2662,RR0071,SJMK,Privado,Pedra Preta,UIRAMUTÃ,RR,,,4.713056,-60.476389,667.0,VFR,Sem Operação,4003,01/19,700.0,30.0,4000.0,0.5,,Grama,false,false,Cadastrado,,,,,false,,,,true
2672,RR0072,SJML,Privado,Piolho,PACARAIMA,RR,,,4.701389,-60.733611,697.0,VFR,Sem Operação,3991,17/35,700.0,25.0,4000.0,0.5,,Cascalho,false,false,Cadastrado,,,,,false,2033-03-06,https://pergamum.anac.gov.br/arquivos/PA2023-10.618.pdf,,true
2675,AC0006,SDNQ,Privado,Fazenda Água Limpa,SENADOR GUIOMARD,AC,,,-9.980556,-67.491111,197.0,VFR,VFR,3858,11/29,950.0,18.0,,,8/F/B/Y/U,Asfalto,false,false,Cadastrado,,,,,false,2031-07-06,https://pergamum.anac.gov.br/arquivos/PA2021-5317.pdf,,true
2681,PA0198,,Privado,Fortaleza,ALTAMIRA,PA,,,-4.719722,-55.202222,,,,,,,,,,,,,,Autorizado,,,,,false,,,,true
2683,RR0073,SJMM,Privado,Pipi,UIRAMUTÃ,RR,,,4.93,-60.321944,788.0,VFR,Sem Operação,4004,03/21,650.0,25.0,4000.0,0.5,,Terra,false,false,Cadastrado,,,,,false,,,,true
2684,RR0074,SJMN,Privado,Raposa,NORMANDIA,RR,,,3.81,-60.090278,151.0,VFR,Sem Operação,4005,09/27,800.0,30.0,4000.0,0.5,,Cascalho,false,false,Cadastrado,,,,,false,,,,true
2685,RR0075,SJMO,Privado,Santa Isabel,PACARAIMA,RR,,,4.47,-60.8625,364.0,VFR,Sem Operação,4006,12/30,600.0,25.0,4000.0,0.5,,Terra,false,false,Cadastrado,,,,,false,,,,true
2686,RR0076,SJMP,Privado,Santa Liberdade,UIRAMUTÃ,RR,,,4.2875,-60.256944,576.0,VFR,Sem Operação,4007,09/27,650.0,20.0,4000.0,0.5,,Terra,false,false,Cadastrado,,,,,false,2033-03-07,https://pergamum.anac.gov.br/arquivos/PA2023-10.608.pdf,,true
2697,PA0203,,Privado,Santa Izabel,ITAITUBA,PA,,,-6.788333,-56.237778,182.0,VFR,Sem Operação,4586,15/30,550.0,18.0,4500.0,0.5,,Cascalho,false,false,Autorizado,,,,,false,,,,true
2698,PA0205,,Privado,Ratinho,ITAITUBA,PA,,,-5.8725,-56.623611,100.0,VFR,Sem Operação,4295,06/24,800.0,20.0,5700.0,0.5,,Cascalho,false,false,Autorizado,,,,,false,,,,true
2700,RR0078,SJMT,Privado,São Miguel Cachoeirinha,PACARAIMA,RR,,,4.490278,-60.990556,364.0,VFR,Sem Operação,4009,10/28,700.0,25.0,4000.0,0.5,,Grama,false,false,Cadastrado,,,,,false,,,,true
2701,RR0080,SJMV,Privado,Serra do Sol,UIRAMUTÃ,RR,,,4.9425,-60.475278,756.0,VFR,Sem Operação,3374,12/30,1200.0,30.0,4000.0,0.5,,Terra,false,false,Cadastrado,,,,,false,,,,true
2702,RR0081,SJMW,Privado,Socó,UIRAMUTÃ,RR,,,4.47,-60.176944,515.0,VFR,Sem Operação,3973,09/27,600.0,25.0,4000.0,0.5,,Terra,false,false,Cadastrado,,,,,false,,,,true
2713,RR0082,SJMX,Privado,Suapí,PACARAIMA,RR,,,4.575278,-60.858333,758.0,VFR,Sem Operação,4010,10/28,600.0,20.0,4000.0,0.5,,Terra,false,false,Cadastrado,,,,,false,,,,true
2714,RR0083,SJNB,Privado,Ubarú,PACARAIMA,RR,,,4.501667,-60.802222,364.0,VFR,Sem Operação,4011,10/28,600.0,20.0,4000.0,0.5,,Terra,false,false,Cadastrado,,,,,false,2033-03-15,https://pergamum.anac.gov.br/arquivos/PA2023-10.619.pdf,,true
2719,RR0084,SJNC,Privado,Uraricoera,ALTO ALEGRE,RR,,,3.146111,-62.230278,242.0,VFR,Sem Operação,4021,07/25,600.0,30.0,4000.0,0.5,,Grama,false,false,Interditado,,,,,false,2023-03-04,https://pergamum.anac.gov.br/arquivos/PA2013-0530.pdf,,true
2720,RR0085,SJNE,Privado,Wapum,CARACARAÍ,RR,,,1.99,-59.957222,151.0,VFR,Sem Operação,4012,18/36,600.0,20.0,4000.0,0.5,,Grama,false,false,Cadastrado,,,,,false,,,,true
2721,RR0086,SJNF,Privado,Wilimon,UIRAMUTÃ,RR,,,4.635,-60.176111,530.0,VFR,Sem Operação,4013,02/20,550.0,20.0,4000.0,0.5,,Terra,false,false,Cadastrado,,,,,false,,,,true
2722,RR0087,SJNG,Privado,Xidea,ALTO ALEGRE,RR,,,2.606944,-63.869444,606.0,VFR,Sem Operação,2301,01/19,800.0,30.0,5600.0,0.5,,Grama,false,false,Cadastrado,,,,,false,,,,true
2729,RR0089,SJYE,Privado,Água Fria,UIRAMUTÃ,RR,,,4.620556,-60.277222,303.0,VFR,Sem Operação,3979,10/28,900.0,20.0,4000.0,0.5,,Terra,false,false,Cadastrado,,,,,false,,,,true
2730,RR0091,SJYG,Privado,Alto Mucajaí,ALTO ALEGRE,RR,,,2.765,-62.221389,72.0,VFR,Sem Operação,4157,09/27,600.0,25.0,3000.0,0.5,,Grama,false,false,Cadastrado,,,,,false,,,,true
2743,RR0092,SJYI,Privado,Arai,PACARAIMA,RR,,,4.443889,-60.847222,457.0,VFR,Sem Operação,3356,09/27,700.0,25.0,4000.0,0.5,,Terra,false,false,Cadastrado,,,,,false,,,,true
2749,RR0093,SJYJ,Privado,Aratha-ú,ALTO ALEGRE,RR,,,3.160833,-63.781389,72.0,VFR,Sem Operação,4089,08/26,650.0,30.0,3000.0,0.5,,Grama,false,false,Cadastrado,,,,,false,2033-02-09,https://pergamum.anac.gov.br/arquivos/PA2023-10.458.pdf,,true
2750,RR0094,SJYK,Privado,Baixo Catrimani,CARACARAÍ,RR,,,1.071111,-62.218333,52.0,VFR,Sem Operação,3978,17/35,800.0,30.0,3000.0,0.5,,Grama,false,false,Cadastrado,,,,,false,,,,true
2751,RR0095,SJYL,Privado,Baixo Mucajaí,ALTO ALEGRE,RR,,,2.736944,-62.019444,152.0,VFR,Sem Operação,4054,17/35,900.0,30.0,4000.0,0.5,,Cascalho,false,false,Cadastrado,,,,,false,2033-02-09,https://pergamum.anac.gov.br/arquivos/PA2023-10.463.pdf,,true
2753,RR0096,SJYM,Privado,Bala,PACARAIMA,RR,,,3.837222,-60.603333,106.0,VFR,Sem Operação,4740,05/23,600.0,20.0,4000.0,0.5,,Terra,false,false,Interditado,,,,,false,,,,true
2754,RR0097,SJYO,Privado,Bananal,UIRAMUTÃ,RR,,,4.632778,-60.585556,272.0,VFR,Sem Operação,4088,16/34,700.0,25.0,4000.0,0.5,,Terra,false,false,Cadastrado,,,,,false,,,,true
2755,RR0098,SJYP,Privado,Bananeira,UIRAMUTÃ,RR,,,4.321111,-60.193889,272.0,VFR,Sem Operação,4087,09/27,800.0,20.0,4000.0,0.5,,Terra,false,false,Cadastrado,,,,,false,,,,true
2756,RR0099,SJYQ,Privado,Barreirinha,UIRAMUTÃ,RR,,,4.330833,-60.285556,364.0,VFR,Sem Operação,3367,09/27,800.0,25.0,4000.0,0.5,,Terra,false,false,Interditado,,,,,false,2023-03-04,https://pergamum.anac.gov.br/arquivos/PA2013-0532.pdf,,true
2757,RR0100,SJYR,Privado,Cajú,UIRAMUTÃ,RR,,,4.705833,-60.515278,242.0,VFR,Sem Operação,3974,12/30,600.0,20.0,4000.0,0.5,,Grama,false,false,Cadastrado,,,,,false,,,,true
2758,RR0101,SJYS,Privado,Camará,NORMANDIA,RR,,,3.990833,-60.181667,181.0,VFR,Sem Operação,3975,08/26,600.0,20.0,4000.0,0.5,,Terra,false,false,Cadastrado,,,,,false,2033-02-15,https://pergamum.anac.gov.br/arquivos/PA2023-10.491.pdf,,true
2759,RR0102,SJYT,Privado,Campo Formoso,PACARAIMA,RR,,,4.72,-60.769722,364.0,VFR,Sem Operação,3977,18/36,1000.0,30.0,4000.0,0.5,,Terra,false,false,Cadastrado,,,,,false,,,,true
2760,RR0103,SJYU,Privado,Campo Grande,PACARAIMA,RR,,,4.685556,-60.802778,364.0,VFR,Sem Operação,3976,08/26,1000.0,30.0,4000.0,0.5,,Terra,false,false,Cadastrado,,,,,false,,,,true
2765,RR0105,SSZA,Privado,Fazenda Angra dos Reis,BOA VISTA,RR,,,2.993611,-60.696389,84.0,VFR,Sem Operação,3322,03/21,1000.0,20.0,5700.0,0.05,,Terra,false,false,Cadastrado,,,,,false,,https://pergamum.anac.gov.br/arquivos/PA2023-11.925.pdf,,true
2766,RR0107,SWAQ,Privado,Érico,AMAJARI,RR,,,3.763333,-62.409444,210.0,VFR,Sem Operação,4046,14/32,800.0,30.0,,,3/F/B/Z/U,Terra,false,false,Cadastrado,,,,,false,2025-06-24,https://pergamum.anac.gov.br/arquivos/PA2015-1557.pdf,,true
2767,RR0108,SWBV,Privado,Auaris,AMAJARI,RR,,,4.016389,-64.518611,712.0,VFR,Sem Operação,4119,12/30,1140.0,23.0,,,3/F/B/Z/U,Grama,false,false,Cadastrado,,,,,false,2025-06-24,https://pergamum.anac.gov.br/arquivos/PA2015-1558.pdf,,true
2771,RR0109,SWEO,Privado,Itapará Sport Fishing,RORAINÓPOLIS,RR,,,0.209722,-61.55,80.0,VFR,Sem Operação,4796,12/30,700.0,18.0,4000.0,0.5,,Terra,false,false,Cadastrado,,,,,false,2030-12-03,https://pergamum.anac.gov.br/arquivos/PA2020-3187.pdf,,true
2772,RR0110,SWMV,Privado,Paa-Piu,IRACEMA,RR,,,2.726944,-62.950556,300.0,VFR,Sem Operação,4218,14/32,850.0,25.0,,,3/F/B/Z/U,Terra,false,false,Cadastrado,,,,,false,2025-06-29,https://pergamum.anac.gov.br/arquivos/PA2015-1595.pdf,,true
2773,RR0112,SWTH,Privado,Fazenda Smith,BONFIM,RR,,,2.919167,-60.512778,75.0,VFR,Sem Operação,3017,11/29,900.0,13.0,4000.0,0.5,,Cascalho,false,false,Cadastrado,,,,,false,,,,true
2779,RR0113,SWUQ,Privado,Surucucu,ALTO ALEGRE,RR,,,2.835278,-63.646389,870.0,VFR,Sem Operação,3133,12/30,1080.0,30.0,,,3/F/B/Z/U,Asfalto,false,false,Cadastrado,,,,,false,2025-06-29,https://pergamum.anac.gov.br/arquivos/PA2015-1598.pdf,,true
2780,RR0114,SJFZ,Privado,Miraflores,BOA VISTA,RR,,,2.840278,-60.651667,80.0,,,,,,,,,,,,,Cadastrado,,,,,false,2027-01-23,https://pergamum.anac.gov.br/arquivos/PA2017-0154.pdf,,true
2781,RR0115,SWWC,Privado,Cataratas Poços,BOA VISTA,RR,,,2.766972,-60.715278,85.0,,,,,,,,,,,,,Cadastrado,,,,,false,2026-08-23,https://pergamum.anac.gov.br/arquivos/PA2016-2147.pdf,,true
2783,PA0199,,Privado,Porto Seguro I,JACAREACANGA,PA,,,-5.991111,-56.636944,128.0,VFR,Sem Operação,4286,12/30,1000.0,50.0,4500.0,0.5,,Cascalho,false,false,Autorizado,,,,,false,,,,true
2823,PA0194,,Privado,Comandante Nelson,ITAITUBA,PA,,,-6.186111,-56.456944,222.0,,,,,,,,,,,,,Autorizado,,,,,false,,,,true
2827,PA0186,,Privado,Pista Nova,ITAITUBA,PA,,,-5.868611,-56.341944,,,,,,,,,,,,,,Autorizado,,,,,false,,,,true
2891,RO0061,,Privado,Machadinho D´Oeste,MACHADINHO D'OESTE,RO,,,-9.403333,-62.006111,130.0,,,19142,01/19,900.0,20.0,5700.0,0.5,,Cascalho,,,Cadastrado,,,,,false,2032-06-28,https://pergamum.anac.gov.br/arquivos/PA2022-8363.pdf,,true
2911,PA0220,,Privado,Muaná,MUANÁ,PA,,,-1.528056,-49.216944,,,,,,,,,,,,,,Autorizado,,,,,false,,,,true
2916,PA0225,,Privado,Hospital Saúde da Mulher,BELÉM,PA,,,-1.437778,-48.468611,52.0,,,,,,,,,,,,,Autorizado,,,,,false,,,,true
2926,PA0187,,Privado,Fazenda Marrom,ITAITUBA,PA,,,-7.894722,-56.693056,250.0,,,,,,,,,,,,,Autorizado,,,,,false,,,,true
2933,RR0117,,Privado,Aero Park,BOA VISTA,RR,,,2.7175,-60.796111,92.0,,,,,,,,,,,,,Autorizado,,,,,false,,,,true
2947,AM0081,,Público,Nova Olinda do Norte,NOVA OLINDA DO NORTE,AM,,,-3.8275,-59.025,,,,,,,,,,,,,,Autorizado,,,,,false,,,,true
2949,PA0034,SDOX,Privado,Fazenda Água Fria,XINGUARA,PA,,,-7.015278,-49.366111,176.0,VFR,Sem Operação,2635,01/19,500.0,18.0,5700.0,0.5,,Cascalho,false,false,Cadastrado,,,,,false,2025-09-15,https://pergamum.anac.gov.br/arquivos/PA2015-2424.pdf,,true
2965,AC0010,SDP8,Privado,Marechal Thaumaturgo,MARECHAL THAUMATURGO,AC,,,-8.959444,-72.779444,222.0,,,2997,15/33,1200.0,18.0,5100.0,0.5,,Asfalto,false,true,Cadastrado,,,,,false,2031-11-18,https://pergamum.anac.gov.br/arquivos/PA2021-6402.pdf,,true
2984,AM0090,SNLM,Privado,Pousada Pirá-Açu,APUÍ,AM,,,-7.770556,-60.377778,96.0,VFR,Sem Operação,3684,09/27,1100.0,18.0,5700.0,0.5,,Terra,false,false,Cadastrado,,,,,false,2029-11-20,https://pergamum.anac.gov.br/arquivos/PA2019-3469.pdf,,true
2985,AM0066,,Privado,Rio Jufaris,BARCELOS,AM,,,-0.798611,-62.474722,30.0,VFR,Sem Operação,4278,01/19,100.0,23.0,5600.0,0.69,,Terra,false,false,Autorizado,,,,,false,,,,true
2996,AM0047,SWJV,Privado,Palmeiras do Javari,ATALAIA DO NORTE,AM,,,-5.130278,-72.805556,120.0,VFR,Sem Operação,4166,05/23,1200.0,30.0,,,29/F/C/X/U,Asfalto,false,false,Cadastrado,,,,,false,2025-10-29,https://pergamum.anac.gov.br/arquivos/PA2015-2865.pdf,,true
2997,RO0048,SSLL,Privado,Fazenda Vale Verde,PORTO VELHO,RO,,,-9.621389,-65.770278,179.0,VFR,Sem Operação,3535,01/19,1400.0,23.0,5700.0,0.5,,Cascalho,false,false,Cadastrado,,,,,false,2029-01-28,https://pergamum.anac.gov.br/arquivos/PA2019-0189.pdf,,true
3033,AP0017,,Privado,Benevenuto,LARANJAL DO JARI,AP,,,-0.8,-52.470278,76.0,VFR,Sem Operação,4445,05/23,1000.0,18.0,5700.0,0.5,,Cascalho,false,false,Autorizado,,,,,false,,,,true
3057,AM0045,SWGF,Privado,Fazenda Fortaleza,NOVO ARIPUANÃ,AM,,,-7.907778,-61.25,86.0,VFR,Sem Operação,3244,08/26,650.0,18.0,5700.0,0.5,,Cascalho,false,false,Cadastrado,,,,,false,2028-07-20,https://pergamum.anac.gov.br/arquivos/PA2018-2191.pdf,,true
3083,PA0196,,Privado,Botica,ITAITUBA,PA,,,-5.233333,-56.65,148.0,,,,,,,,,,,,,Autorizado,,,,,false,,,,true
3092,PA0215,,Privado,Pista Estanífera,ALENQUER,PA,,,-0.221389,-55.165,487.0,VFR,Sem Operação,4282,12/30,800.0,18.0,4000.0,0.5,,Terra,false,false,Autorizado,,,,,false,,,,true
3118,RO0058,,Privado,Aeroclube de Rondônia,PORTO VELHO,RO,,,-8.825278,-63.823333,125.0,,,,,,,,,,,,,Autorizado,,,,,false,,,,true
3203,AM0068,,Privado,DB CENTRAL,MANAUS,AM,,,-3.097222,-60.008889,81.0,,,,,,,,,,,,,Autorizado,,,,,false,,,,true
3204,PA0097,SNMD,Privado,Mundico Coelho,ITAITUBA,PA,,,-6.836944,-56.844167,205.0,,,2511,15/33,1000.0,20.0,5700.0,0.5,,Concreto,false,false,Cadastrado,,,,,false,2030-09-30,https://pergamum.anac.gov.br/arquivos/PA2022-8372.pdf,,true
3246,AC0009,SJOD,Privado,Jordão,JORDÃO,AC,,,-9.190278,-71.946944,365.0,VFR,Sem Operação,4348,13/31,900.0,18.0,3970.0,0.5,,Asfalto,false,false,Cadastrado,,,,,false,2024-10-28,https://pergamum.anac.gov.br/arquivos/PA2014-2747.pdf,,true
3256,AP0016,,Privado,Vila Nova,PORTO GRANDE,AP,,,0.435,-51.743889,127.0,VFR,Sem Operação,4369,08/26,800.0,18.0,3000.0,0.5,,Cascalho,false,false,Autorizado,,,,,false,,,,true
3283,TO0055,SSHW,Privado,Nova Esperança,RECURSOLÂNDIA,TO,,,-8.553111,-47.085861,,VFR,Sem Operação,11080,02/20,900.0,23.0,5500.0,0.5,,Cascalho,false,false,Cadastrado,,,,,false,2029-11-21,https://pergamum.anac.gov.br/arquivos/PA2019-3530.pdf,,true
3358,AP0019,,Privado,Polícia Federal Macapá,MACAPÁ,AP,,,-0.078056,-51.068333,19.0,,,,,,,,,,,,,Autorizado,,,,,false,,,,true
3359,PA0041,SIAW,Privado,Sítio Gurupi,ULIANÓPOLIS,PA,,,-3.739167,-47.516389,128.0,,,2940,12/30,750.0,18.0,5700.0,0.5,,Piçarra,false,false,Cadastrado,,,,,false,2031-09-01,https://pergamum.anac.gov.br/arquivos/PA2021-5776.pdf,,true
3360,PA0048,SIJS,Privado,Fazenda Tonga,PARAGOMINAS,PA,,,-3.454722,-47.528611,171.0,,,2939,09/27,800.0,23.0,5700.0,0.5,,Piçarra,false,false,Cadastrado,,,,,false,2031-06-30,https://pergamum.anac.gov.br/arquivos/PA2021-5249.pdf,,true
3362,AM0079,,Público,Uariní,UARINI,AM,Uarini,AM,-2.979444,-65.223333,,,,,,,,,,,,,,Autorizado,,,,,false,,,,true
3363,AM0088,SWIA,Privado,Antônio Costa da Silva,JURUÁ,AM,,,-3.482222,-66.0575,68.0,VFR,Sem Operação,11082,04/22,1200.0,20.0,,,13/R/C/X/U,Concreto,false,false,Cadastrado,,,,,false,2029-12-05,https://pergamum.anac.gov.br/arquivos/PA2019-3708.pdf,,true
3396,PA0127,SSIY,Privado,Fazenda Três Irmãos,NOVO PROGRESSO,PA,,,-9.345556,-55.884722,289.0,VFR,Sem Operação,3631,06/24,1000.0,20.0,5700.0,0.5,,Terra,false,false,Cadastrado,,,,,false,2028-02-14,https://pergamum.anac.gov.br/arquivos/PA2018-0349.pdf,,true
3403,PA0152,SWYQ,Privado,Fazenda Brusque,SÃO FÉLIX DO XINGU,PA,,,-9.284444,-51.751667,300.0,VFR,Sem Operação,2998,03/21,1600.0,23.0,,,8/F/B/Y/U,Asfalto,false,false,Cadastrado,,,,,false,,,,true
3407,PA0080,SJYH,Privado,Fazenda Cachoeira Alta,SANTANA DO ARAGUAIA,PA,,,-8.780556,-50.968889,311.0,,,3049,01/19,799.0,18.0,5670.0,0.5,,Piçarra,false,false,Cadastrado,,,,,false,2031-07-23,https://pergamum.anac.gov.br/arquivos/PA2021-5490.pdf,,true
3408,PA0093,SNKH,Privado,Creputiá,JACAREACANGA,PA,,,-8.116917,-57.117194,300.0,VFR,Sem Operação,3408,15/33,1050.0,60.0,2500.0,0.5,,Cascalho,false,false,Cadastrado,,,,,false,2025-01-23,https://pergamum.anac.gov.br/arquivos/PA2015-0132.pdf,,true
3409,PA0094,SNKJ,Privado,Fazenda Rio Dourado,CUMARU DO NORTE,PA,,,-8.333889,-51.446944,278.0,VFR,Sem Operação,2531,18/36,1350.0,20.0,,,18/F/A/X/T,Asfalto,false,false,Cadastrado,,,,,false,2032-09-01,https://pergamum.anac.gov.br/arquivos/PA2022-8885.pdf,,true
3410,PA0177,,Privado,ROQUE SANTEIRO,ITAITUBA,PA,,,-7.299722,-56.670833,270.0,VFR,Sem Operação,4167,09/27,600.0,20.0,4500.0,0.5,,Terra,false,false,Autorizado,,,,,false,,,,true
3412,PA0103,SNRJ,Privado,Juruti,JURUTI,PA,,,-2.186667,-56.090278,33.0,VFR,VFR,3087,08/26,1050.0,18.0,5700.0,0.5,,Piçarra,false,false,Cadastrado,,,,,false,2027-04-20,https://pergamum.anac.gov.br/arquivos/PA2017-1376.pdf,,true
3415,PA0137,SWCF,Privado,Fazenda Califórnia,SÃO FÉLIX DO XINGU,PA,,,-9.7375,-51.497222,800.0,VFR,Sem Operação,2295,17/35,1062.0,25.0,5000.0,0.5,,Cascalho,false,false,Cadastrado,,,,,false,2024-01-10,https://pergamum.anac.gov.br/arquivos/PA2014-0061.pdf,,true
3416,PA0156,SJHL,Privado,Helinorte,MARABÁ,PA,,,-5.362778,-49.068889,112.0,,,,,,,,,,,,,Cadastrado,,,,,false,2026-06-15,https://pergamum.anac.gov.br/arquivos/PA2016-1475.pdf,,true
3471,RO0016,SJCS,Privado,Fazenda Santa Carmem,PORTO VELHO,RO,,,-9.719722,-65.144444,122.0,VFR,Sem Operação,3195,08/26,750.0,20.0,5700.0,0.5,,Cascalho,false,false,Cadastrado,,,,,false,2028-07-04,https://pergamum.anac.gov.br/arquivos/PA2018-1967.pdf,,true
3479,RR0005,SDKL,Privado,Caracaranã,NORMANDIA,RR,,,3.836667,-59.777222,33.0,VFR,Sem Operação,2901,13/31,920.0,20.0,4000.0,0.5,,Piçarra,false,false,Cadastrado,,,,,false,2030-11-03,https://pergamum.anac.gov.br/arquivos/PA2020-2883.pdf,,true
3482,PA0101,SNQE,Privado,Fazenda Serra Grande,PARAUAPEBAS,PA,,,-6.068889,-49.84,208.0,,,4289,01/19,760.0,18.0,5700.0,0.5,,Piçarra,false,false,Cadastrado,,,,,false,2031-12-21,https://pergamum.anac.gov.br/arquivos/PA2021-6678.pdf,,true
3490,RO0010,SDUS,Privado,Fazenda Sucuri,MACHADINHO D'OESTE,RO,,,-9.190556,-61.770556,153.0,VFR,Sem Operação,2800,03/21,800.0,18.0,5700.0,0.5,,Cascalho,false,false,Cadastrado,,,,,false,2025-08-18,https://pergamum.anac.gov.br/arquivos/PA2015-2198.pdf,,true
3491,RO0027,SWBO,Privado,Fazenda Perobal,CORUMBIARA,RO,,,-12.909722,-61.370556,226.0,VFR,Sem Operação,3931,18/36,700.0,20.0,5000.0,0.5,,Grama,false,false,Cadastrado,,,,,false,2025-07-23,https://pergamum.anac.gov.br/arquivos/PA2015-1938.pdf,,true
3498,RR0054,SJLM,Privado,Leão de Ouro,AMAJARI,RR,,,4.151667,-61.427778,91.0,VFR,Sem Operação,3355,12/30,600.0,20.0,4000.0,0.5,,Terra,false,false,Interditado,,,,,false,2023-03-04,https://pergamum.anac.gov.br/arquivos/PA2013-0529.pdf,,true
3499,RR0058,SJLQ,Privado,Maracanã,UIRAMUTÃ,RR,,,4.365,-60.016972,546.0,VFR,Sem Operação,4018,08/26,600.0,20.0,4000.0,0.5,,Terra,false,false,Cadastrado,,,,,false,,,,true
3524,PA0076,SJQX,Privado,Fazenda Uruará,URUARÁ,PA,,,-3.523056,-53.396389,82.0,,,4025,11/29,800.0,18.0,5200.0,0.5,,Cascalho,false,false,Cadastrado,,,,,false,2032-09-27,https://pergamum.anac.gov.br/arquivos/PA2022-9242.pdf,,true
3528,AM0044,SWAZ,Privado,Santo Atanázio,SÃO GABRIEL DA CACHOEIRA,AM,,,0.399722,-69.300556,120.0,VFR,Sem Operação,3987,17/35,900.0,30.0,2500.0,0.5,,Piçarra,false,false,Cadastrado,,,,,false,2025-06-05,https://pergamum.anac.gov.br/arquivos/PA2015-1351.pdf,,true
3545,RR0090,SJYF,Privado,Ajarani,CARACARAÍ,RR,,,2.007778,-61.475833,181.0,VFR,Sem Operação,4015,08/26,1000.0,25.0,5600.0,0.5,,Cascalho,false,false,Cadastrado,,,,,false,,,,true
3552,AM0060,SJQY,Privado,Terminal do Solimões,COARI,AM,,,-3.944167,-63.163611,34.0,,,,,,,,,,,,,Cadastrado,,,,,false,2032-11-18,https://pergamum.anac.gov.br/arquivos/PA2022-9707.pdf,,true
3584,PA0206,,Privado,Andorinha,ITAITUBA,PA,,,-7.555278,-56.949722,206.0,,,,,,,,,,,,,Autorizado,,,,,false,,,,true
3624,RR0079,SJMU,Privado,Sauparú,UIRAMUTÃ,RR,,,4.989722,-60.435556,697.0,VFR,Sem Operação,4031,18/36,600.0,20.0,4000.0,0.5,,Terra,false,false,Cadastrado,,,,,false,,,,true
3697,PA0069,SJGE,Privado,Nações Unidas,ITAITUBA,PA,,,-6.081111,-56.293889,135.0,VFR,Sem Operação,4712,11/29,550.0,20.0,4500.0,0.5,,Terra,false,false,Cadastrado,,,,,false,2025-07-23,https://pergamum.anac.gov.br/arquivos/PA2015-1942.pdf,,true
3818,RR0077,SJMQ,Privado,Santa Maria de Normandia,NORMANDIA,RR,,,4.170278,-60.137778,258.0,VFR,Sem Operação,4008,08/26,650.0,25.0,4000.0,0.5,,Terra,false,false,Cadastrado,,,,,false,,,,true
3863,PA0138,SWCU,Privado,Fazenda Curuá,ALTAMIRA,PA,,,-8.004167,-54.935556,268.0,VFR,Sem Operação,2463,14/32,1000.0,18.0,5700.0,0.5,,Cascalho,false,false,Cadastrado,,,,,false,2025-03-20,https://pergamum.anac.gov.br/arquivos/PA2015-0677.pdf,,true
3920,AM0076,,Público,Maraã,MARAÃ,AM,,,-1.839167,-65.561389,,,,,,,,,,,,,,Autorizado,,,,,false,,,,true
3922,TO0035,SJZG,Privado,Fazenda São Geraldo,CASEARA,TO,,,-9.573611,-49.718444,193.0,VFR,VFR,2485,09/27,1700.0,25.0,,,44/F/A/X/T,Terra,false,true,Cadastrado,,,,,false,2026-03-01,https://pergamum.anac.gov.br/arquivos/PA2021-4823.pdf,,true
3924,TO0044,SWEJ,Privado,Associação Tocantinense de Aviação,PORTO NACIONAL,TO,,,-10.182778,-48.545278,305.0,,,2946,11/29,1026.0,20.0,,,8/F/A/X/T,Asfalto,false,true,Cadastrado,,,,,false,2032-01-17,https://pergamum.anac.gov.br/arquivos/PA2021-6785.pdf,,true
3953,PA0124,SSDT,Privado,Fazenda Pau D'Arco,REDENÇÃO,PA,,,-7.943611,-50.176389,242.0,VFR,Sem Operação,4311,13/31,800.0,18.0,5600.0,0.5,,Cascalho,false,false,Cadastrado,,,,,false,2024-02-28,https://pergamum.anac.gov.br/arquivos/PA2014-0483.pdf,,true
3963,RR0048,SJLE,Privado,Halikato-u,ALTO ALEGRE,RR,,,3.225,-63.199444,303.0,VFR,Sem Operação,3994,09/27,600.0,30.0,3000.0,0.5,,Grama,false,false,Cadastrado,,,,,false,2033-02-28,https://pergamum.anac.gov.br/arquivos/PA2023-10.552.pdf,,true
3980,PA0095,SNKY,Privado,Fazenda Cikel,PARAGOMINAS,PA,,,-3.6575,-48.823611,108.0,VFR,Sem Operação,4208,09/27,900.0,18.0,3000.0,0.5,,Piçarra,false,false,Cadastrado,,,,,false,2033-05-03,https://pergamum.anac.gov.br/arquivos/PA2023-10.964.pdf,,true
4013,PA0224,,Privado,Fazenda Chapada Alegre II,DOM ELISEU,PA,,,-4.565278,-47.7475,310.0,VFR,Sem Operação,2934,09/27,700.0,18.0,3500.0,0.5,,Piçarra,false,false,Autorizado,,,,,false,,,,true
4057,PA0204,,Privado,Cristal,ITAITUBA,PA,,,-7.069722,-56.727778,122.0,VFR,Sem Operação,4254,17/35,600.0,20.0,5700.0,0.5,,Terra,false,false,Autorizado,,,,,false,,,,true
4076,PA0231,,Privado,Acarapi,ALMEIRIM,PA,,,-1.261,-53.065556,,,,,,,,,,,,,,Autorizado,,,,,false,,,,true
4096,RO0057,,Privado,Fazenda Juliana,ALTO PARAÍSO,RO,,,-9.571944,-63.075833,126.0,VFR,Sem Operação,4127,09/27,700.0,23.0,5700.0,0.5,,Cascalho,false,false,Autorizado,,,,,false,,,,true
4102,RR0056,SJLO,Privado,Manalai,UIRAMUTÃ,RR,,,5.084167,-60.378889,667.0,VFR,Sem Operação,3999,09/27,650.0,20.0,4000.0,0.5,,Grama,false,false,Cadastrado,,,,,false,2033-03-01,https://pergamum.anac.gov.br/arquivos/PA2023-10.569.pdf,,true
4107,RO0055,,Privado,Fazenda Riacho Fundo,NOVA MAMORÉ,RO,,,-10.370556,-64.898056,156.0,VFR,Sem Operação,2872,10/28,900.0,18.0,5700.0,0.5,,Cascalho,false,false,Autorizado,,,,,false,,,,true
4131,PA0118,SNYV,Privado,Fazenda Sococo,MOJU,PA,,,-2.119722,-48.645833,31.0,VFR,Sem Operação,4251,09/27,974.0,20.0,5700.0,0.5,,Piçarra,false,false,Cadastrado,,,,,false,2033-07-13,https://pergamum.anac.gov.br/arquivos/PA2023-11.813.pdf,,true
4183,PA0247,,Privado,Aldeia Apalai Bona,ALMEIRIM,PA,,,1.218611,-54.658611,312.0,VFR,Sem Operação,14801,15/33,900.0,18.0,5700.0,0.5,,Terra,false,false,Cadastrado,,,,,false,2031-09-22,https://pergamum.anac.gov.br/arquivos/PA2021-5905.pdf,,true
4185,TO0066,,Privado,Portal de Palmas,PORTO NACIONAL,TO,,,-10.150278,-48.483056,,,,,,,,,,,,,,Autorizado,,,,,false,,,,true
4214,PA0073,SJNH,Privado,Fazenda Nova Esperança,SÃO FÉLIX DO XINGU,PA,,,-9.450278,-52.138333,258.0,VFR,Sem Operação,2981,02/20,990.0,20.0,5700.0,0.5,,Cascalho,false,false,Cadastrado,,,,,false,2032-10-13,https://pergamum.anac.gov.br/arquivos/PA2022-9892.pdf,,true
4243,PA0178,,Privado,Novo Mamoal,ITAITUBA,PA,,,-6.224722,-55.940833,121.0,VFR,Sem Operação,4206,10/28,600.0,20.0,4500.0,0.5,,Cascalho,false,false,Autorizado,,,,,false,,,,true
4251,RR0034,SJKM,Privado,Canawapai,UIRAMUTÃ,RR,,,4.808056,-60.022222,575.0,VFR,Sem Operação,3947,03/21,700.0,20.0,4000.0,0.5,,Terra,false,false,Cadastrado,,,,,false,,,,false
4252,RR0104,SSJL,Privado,Fazenda Murará,BONFIM,RR,,,3.248611,-60.243056,116.0,VFR,Sem Operação,2983,12/30,900.0,11.0,4000.0,0.5,,Cascalho,false,false,Cadastrado,,,,,false,,,,true
4274,PA0201,,Privado,Novo RM,JACAREACANGA,PA,,,-7.19,-57.093611,4173.0,VFR,Sem Operação,4201,08/26,400.0,40.0,4500.0,0.5,,Cascalho,false,false,Autorizado,,,,,false,,,,true
4289,RR0015,SDRT,Privado,Ponto Geral,PACARAIMA,RR,,,4.648056,-60.787778,222.0,VFR,Sem Operação,4381,08/26,870.0,20.0,4000.0,0.5,,Terra,false,false,Cadastrado,,,,,false,2030-11-03,https://pergamum.anac.gov.br/arquivos/PA2020-2951.pdf,,true
4291,PA0236,,Privado,Serra 01,CURIONÓPOLIS,PA,,,-5.939528,-49.672972,,,,,,,,,,,,,,Autorizado,,,,,false,,,,true
4319,PA0216,,Privado,Carecuru,ALMEIRIM,PA,,,-0.079722,-53.314167,195.0,VFR,Sem Operação,4117,05/23,700.0,18.0,4000.0,0.5,,Cascalho,false,false,Autorizado,,,,,false,,,,true
4366,TO0011,SDBZ,Privado,Fazenda Brauna,ARRAIAS,TO,,,-12.549444,-46.886667,399.0,VFR,Sem Operação,2687,04/22,1250.0,23.0,5700.0,0.5,,Cascalho,false,false,Cadastrado,,,,,false,2025-07-31,https://pergamum.anac.gov.br/arquivos/PA2015-2027.pdf,,true
4367,TO0023,SJBB,Privado,Fazenda Bacaba,CASEARA,TO,,,-9.525,-49.886667,195.0,VFR,Sem Operação,2564,10/28,1500.0,20.0,,,15/F/B/Y/U,Asfalto,false,false,Cadastrado,,,,,false,2025-05-06,https://pergamum.anac.gov.br/arquivos/PA2016-0431.pdf,,true
4368,TO0024,SJDC,Privado,Fazenda Vale Verde,PIUM,TO,,,-9.961111,-49.751944,177.0,,,3060,16/34,1000.0,30.0,5700.0,0.5,,Cascalho,false,false,Cadastrado,,,,,false,2032-10-27,https://pergamum.anac.gov.br/arquivos/PA2022-9520.pdf,,true
4369,TO0013,SDJX,Privado,Fazenda Serra Dourada,PALMEIRÓPOLIS,TO,,,-13.104444,-48.381944,483.0,,,4322,17/35,1400.0,23.0,5700.0,0.5,,Terra,false,false,Cadastrado,,,,,false,2025-03-09,https://pergamum.anac.gov.br/arquivos/PA2015-0592.pdf,,true
4370,TO0014,SDNT,Privado,Fazenda Terra Prometida,PORTO NACIONAL,TO,,,-10.414444,-48.256667,271.0,VFR,VFR,2827,03/21,1210.0,20.0,5700.0,0.5,,Asfalto,false,false,Cadastrado,,,,,false,2027-01-20,https://pergamum.anac.gov.br/arquivos/PA2017-0127.pdf,,true
4371,TO0015,SDVO,Privado,Clube Voart,ARAGUAÍNA,TO,,,-7.286944,-48.134444,263.0,,,2979,08/26,1029.0,18.0,,,7/F/C/X/T,Asfalto,false,false,Cadastrado,,,,,false,2033-02-09,https://pergamum.anac.gov.br/arquivos/PA2023-10.420.pdf,,true
4372,TO0016,SDVQ,Privado,Fazenda Cabeceira Verde,CAMPOS LINDOS,TO,,,-8.156389,-46.738611,446.0,VFR,Sem Operação,3519,06/24,1000.0,18.0,5700.0,0.5,,Cascalho,false,false,Cadastrado,,,,,false,2028-09-05,https://pergamum.anac.gov.br/arquivos/PA2018-2630.pdf,,true
4373,TO0017,SIDK,Privado,Fazenda Boqueirão de Cedro,ARRAIAS,TO,,,-12.890278,-46.693333,699.0,VFR,Sem Operação,2663,06/24,1100.0,18.0,5700.0,0.5,,Cascalho,false,false,Cadastrado,,,,,false,2025-10-09,https://pergamum.anac.gov.br/arquivos/PA2020-1391.pdf,,true
4374,TO0018,SIGE,Privado,Alberi Juliani,LAGOA DA CONFUSÃO,TO,,,-10.788889,-49.585,206.0,VFR,Sem Operação,3096,01/19,1500.0,25.0,5600.0,0.5,,Cascalho,false,false,Cadastrado,,,,,false,2023-07-07,https://pergamum.anac.gov.br/arquivos/PA2023-11.729.pdf,,true
4375,TO0019,SILZ,Privado,Fazenda Santo Expedito IV,RIO SONO,TO,,,-9.836111,-47.305,353.0,VFR,Sem Operação,3846,09/27,1000.0,18.0,5700.0,0.5,,Cascalho,false,false,Cadastrado,,,,,false,2026-08-02,https://pergamum.anac.gov.br/arquivos/PA2016-1948.pdf,,true
4376,TO0021,SISZ,Privado,Fazenda São José,COUTO MAGALHÃES,TO,,,-8.513611,-49.384722,165.0,VFR,Sem Operação,2814,06/24,1400.0,32.0,5670.0,0.5,,Cascalho,false,false,Cadastrado,,,,,false,2025-11-09,https://pergamum.anac.gov.br/arquivos/PA2015-2960.pdf,,true
4377,TO0022,SIYS,Privado,Fazenda Sertaneja,ANANÁS,TO,,,-6.225833,-48.251944,142.0,VFR,Sem Operação,3585,06/24,1060.0,18.0,4000.0,0.5,,Grama,false,false,Cadastrado,,,,,false,2027-03-15,https://pergamum.anac.gov.br/arquivos/PA2017-0733.pdf,,true
4379,TO0025,SJEA,Privado,Cadete 56 - 147 Santana,PALMEIRÓPOLIS,TO,,,-12.85,-48.225278,300.0,VFR,Sem Operação,4694,08/26,1100.0,30.0,2500.0,0.5,,Cascalho,false,false,Cadastrado,,,,,false,2024-11-19,https://pergamum.anac.gov.br/arquivos/PA2014-2705.pdf,,true
4380,TO0026,SJFI,Privado,Fazenda JAD,SANTA RITA DO TOCANTINS,TO,,,-10.954444,-48.994444,294.0,VFR,Sem Operação,2381,15/33,1139.0,25.0,5700.0,0.5,,Cascalho,false,false,Cadastrado,,,,,false,2033-08-10,https://pergamum.anac.gov.br/arquivos/PA2023-12.048.pdf,,true
4381,TO0027,SJFK,Privado,Fazenda Cachoeira,ARAGUAÇU,TO,,,-12.591111,-49.525,229.0,VFR,Sem Operação,4692,10/28,1200.0,18.0,4000.0,0.5,,Terra,false,false,Cadastrado,,,,,false,2031-03-10,https://pergamum.anac.gov.br/arquivos/PA2021-4404.pdf,,true
4382,TO0028,SJFL,Privado,Fazenda Campo Formoso,SANDOLÂNDIA,TO,,,-12.561667,-49.865556,330.0,VFR,Sem Operação,3332,06/24,800.0,20.0,5000.0,0.5,,Cascalho,false,false,Cadastrado,,,,,false,2025-04-10,https://pergamum.anac.gov.br/arquivos/PA2015-0857.pdf,,true
4383,TO0029,SJHD,Privado,Josidith,DARCINÓPOLIS,TO,,,-6.831944,-47.817778,399.0,VFR,VFR,3687,01/19,1300.0,30.0,5700.0,0.5,,Asfalto,false,false,Cadastrado,,,,,false,2028-10-15,https://pergamum.anac.gov.br/arquivos/PA2018-3103.pdf,,true
4384,TO0030,SJIV,Privado,Fazenda Veneza,CASEARA,TO,,,-9.338333,-49.887778,192.0,VFR,Sem Operação,3496,10/28,1100.0,20.0,5700.0,0.5,,Cascalho,false,false,Cadastrado,,,,,false,2028-09-05,https://pergamum.anac.gov.br/arquivos/PA2018-2632.pdf,,true
4386,TO0031,SJLZ,Privado,Coperjava,FORMOSO DO ARAGUAIA,TO,,,-11.835,-49.712222,192.0,VFR,Sem Operação,2677,18/36,900.0,30.0,5700.0,0.5,,Cascalho,false,false,Cadastrado,,,,,false,2025-06-30,https://pergamum.anac.gov.br/arquivos/PA2015-1607.pdf,,true
4388,TO0034,SJVV,Privado,Fazenda Viviane,DUERÉ,TO,,,-11.411944,-49.385833,224.0,VFR,Sem Operação,2572,11/29,800.0,20.0,4000.0,0.5,,Saibro,false,false,Cadastrado,,,,,false,2025-06-05,https://pergamum.anac.gov.br/arquivos/PA2015-1332.pdf,,true
4389,TO0036,SNHE,Privado,Fazenda Canuanã,FORMOSO DO ARAGUAIA,TO,,,-11.9775,-49.908056,240.0,VFR,Sem Operação,4560,08/26,1094.0,28.0,5700.0,0.5,,Terra,false,false,Cadastrado,,,,,false,2025-12-16,https://pergamum.anac.gov.br/arquivos/PA2015-3316.pdf,,true
4390,TO0037,SNHG,Privado,Fazenda Varjadão,SANDOLÂNDIA,TO,,,-12.341389,-49.621111,242.0,VFR,Sem Operação,11084,01/19,1000.0,18.0,,,12/F/C/Y/U,Asfalto,false,false,Cadastrado,,,,,false,2025-01-15,https://pergamum.anac.gov.br/arquivos/PA2015-0073.pdf,,true
4391,TO0039,SNTL,Privado,Fazenda Treze Estrelas,ARAGUAÍNA,TO,,,-7.218889,-49.169167,236.0,VFR,Sem Operação,3852,11/29,1000.0,25.0,5700.0,0.5,,Cascalho,false,false,Cadastrado,,,,,false,2026-12-30,https://pergamum.anac.gov.br/arquivos/PA2016-3731.pdf,,true
4392,TO0040,SSUI,Privado,Fazenda Novo Horizonte,SANTA FÉ DO ARAGUAIA,TO,,,-7.096944,-48.760278,185.0,VFR,Sem Operação,11085,02/20,1200.0,20.0,,,8/F/C/Y/U,Asfalto,false,false,Cadastrado,,,,,false,2023-09-24,https://pergamum.anac.gov.br/arquivos/PA2013-2460.pdf,,true
4393,TO0041,SWAG,Privado,Agrícola Rio Galhão,MATEIROS,TO,,,-10.424694,-46.076944,778.0,VFR,Sem Operação,2323,08/26,1275.0,23.0,5700.0,0.5,,Cascalho,false,false,Cadastrado,,,,,false,2032-11-29,https://pergamum.anac.gov.br/arquivos/PA2022-9776.pdf,,true
4394,TO0042,SWBF,Privado,Fazenda Boa Fortuna,PIUM,TO,,,-10.005,-49.488889,226.0,VFR,Sem Operação,3540,11/29,1114.0,20.0,5700.0,0.5,,Asfalto,false,false,Cadastrado,,,,,false,2027-01-26,https://pergamum.anac.gov.br/arquivos/PA2017-0201.pdf,,true
4395,TO0043,SWED,Privado,Fazenda Eldorado,ARAPOEMA,TO,,,-7.758611,-49.127778,209.0,VFR,Sem Operação,4555,10/28,1200.0,30.0,5700.0,0.5,,Cascalho,false,false,Cadastrado,,,,,false,2032-06-20,https://pergamum.anac.gov.br/arquivos/PA2022-8240.pdf,,true
4398,TO0045,SWFQ,Privado,Fazenda Alvorada,PORTO NACIONAL,TO,,,-10.391944,-48.679444,259.0,VFR,Sem Operação,4148,03/21,1800.0,30.0,,,6/F/B/X/T,Cascalho,false,false,Cadastrado,,,,,false,2024-12-30,https://pergamum.anac.gov.br/arquivos/PA2016-0356.pdf,,true
4399,TO0046,SWIS,Privado,Caiapó,CASEARA,TO,,,-9.186575,-49.775317,198.0,VFR,Sem Operação,3294,13/31,1400.0,25.0,,,8/F/A/W/T,Asfalto,false,false,Cadastrado,,,,,false,,,,true
4400,TO0047,SWIY,Privado,Santa Isabel do Morro,LAGOA DA CONFUSÃO,TO,,,-11.573333,-50.668306,197.0,VFR,Sem Operação,4184,12/30,1540.0,30.0,,,25/F/C/Y/U,Asfalto,false,false,Cadastrado,,,,,false,2025-05-27,https://pergamum.anac.gov.br/arquivos/PA2015-1269.pdf,,true
4402,TO0048,SWKE,Privado,Cobrape,FORMOSO DO ARAGUAIA,TO,,,-11.484972,-49.954528,191.0,VFR,Sem Operação,4604,15/33,1000.0,18.0,5700.0,0.5,,Cascalho,false,false,Cadastrado,,,,,false,2024-11-27,https://pergamum.anac.gov.br/arquivos/PA2014-2818.pdf,,true
4403,TO0049,SWMN,Privado,Santa Mônica,NATIVIDADE,TO,,,-12.065556,-47.721944,372.0,,,2968,12/30,1190.0,30.0,5670.0,0.5,,Cascalho,false,false,Cadastrado,,,,,false,2032-07-21,https://pergamum.anac.gov.br/arquivos/PA2022-8597.pdf,,true
4404,TO0050,SWUL,Privado,Fazenda Furna Azul,ANANÁS,TO,,,-6.215833,-48.425833,118.0,VFR,Sem Operação,4629,16/34,1000.0,25.0,5700.0,0.5,,Cascalho,false,false,Cadastrado,,,,,false,2024-05-23,https://pergamum.anac.gov.br/arquivos/PA2014-1200.pdf,,true
4405,TO0051,SWUX,Privado,Fazenda 4 Amigos,ABREULÂNDIA,TO,,,-9.242972,-49.668361,184.0,VFR,Sem Operação,4838,18/36,800.0,20.0,5700.0,0.5,,Cascalho,false,false,Interditado,,,,,false,2023-02-06,https://pergamum.anac.gov.br/arquivos/PA2013-0341.pdf,,true
4406,TO0052,SIJB,Privado,JK Business Center,PALMAS,TO,,,-10.185028,-48.337611,335.0,,,,,,,,,,,,,Cadastrado,,,,,false,2026-06-15,https://pergamum.anac.gov.br/arquivos/PA2016-1478.pdf,,true
4451,RO0065,,Privado,Usina Calcário Parecis,PARECIS,RO,,,-12.145833,-61.521944,300.0,VFR,Sem Operação,11821,02/20,799.0,18.0,,,64/F/B/X/T,Asfalto,false,false,Cadastrado,,,,,false,2031-02-26,https://pergamum.anac.gov.br/arquivos/PA2021-4334.pdf,,true
4456,RR0068,SJMH,Privado,Palimiú,ALTO ALEGRE,RR,,,3.318056,-62.971111,273.0,VFR,Sem Operação,3971,01/19,700.0,30.0,4000.0,0.5,,Grama,false,false,Cadastrado,,,,,false,,,,true
4461,AM0071,,Privado,Maués,MAUÉS,AM,,,-6.021389,-58.137778,178.0,VFR,Sem Operação,4328,07/25,500.0,20.0,4500.0,0.5,,Cascalho,false,false,Autorizado,,,,,false,,,,true
4466,RR0111,SWPD,Privado,Pouso da Águia,CANTÁ,RR,,,2.783611,-60.587778,86.0,VFR,Sem Operação,3698,06/24,750.0,18.0,3000.0,0.5,,Asfalto,false,false,Cadastrado,,,,,false,,,,true
4480,RR0049,SJLF,Privado,Homoxi,IRACEMA,RR,,,2.497778,-63.729722,696.0,VFR,Sem Operação,3990,06/24,750.0,30.0,5600.0,0.5,,Grama,false,false,Interditado,,,,,false,2022-12-28,https://pergamum.anac.gov.br/arquivos/PA2012-2849.pdf,,true
4485,AM0033,SJCW,Privado,Jatapu,URUCARÁ,AM,,,-1.712222,-58.510722,26.0,VFR,Sem Operação,4213,13/31,1345.0,30.0,,,10/F/C/Y/U,Asfalto,false,false,Cadastrado,,,,,false,2024-04-16,https://pergamum.anac.gov.br/arquivos/PA2014-0927.pdf,,true
4487,AM0082,,Público,Pauiní,PAUINI,AM,,,-7.695833,-66.998889,,,,,,,,,,,,,,Autorizado,,,,,false,,,,true
4488,PA0154,SITD,Privado,Fundação Santa Casa de Misericórdia do Pará,BELÉM,PA,,,-1.439722,-48.481667,53.0,,,,,,,,,,,,,Cadastrado,,,,,false,2023-08-15,https://pergamum.anac.gov.br/arquivos/PA2013-2066.pdf,,true
4505,RR0047,SJLC,Privado,Hakoma,ALTO ALEGRE,RR,,,2.72,-63.5675,363.0,VFR,Sem Operação,3360,12/30,600.0,30.0,3000.0,0.5,,Terra,false,false,Cadastrado,,,,,false,,,,true
4514,RR0043,SJKW,Privado,Cumanã 2,PACARAIMA,RR,,,4.426944,-60.823889,363.0,VFR,Sem Operação,3946,08/26,650.0,20.0,4000.0,0.5,,Terra,false,false,Cadastrado,,,,,false,2033-03-20,https://pergamum.anac.gov.br/arquivos/PA2023-10.671.pdf,,true
4516,RR0044,SJKX,Privado,Cutia,UIRAMUTÃ,RR,,,4.17,-59.748611,151.0,VFR,Sem Operação,3996,10/28,800.0,25.0,4000.0,0.5,,Terra,false,false,Cadastrado,,,,,false,,,,true
4517,RR0045,SJKZ,Privado,Estevão,UIRAMUTÃ,RR,,,4.449722,-60.439167,303.0,VFR,Sem Operação,4111,09/27,600.0,20.0,4000.0,0.5,,Terra,false,false,Cadastrado,,,,,false,,,,true
4534,TO0033,SJUI,Privado,Fazenda Uirapuru,ARAGUANÃ,TO,,,-6.856944,-48.44,207.0,VFR,Sem Operação,3337,04/22,1000.0,18.0,5700.0,0.5,,Cascalho,false,false,Cadastrado,,,,,false,2025-02-05,https://pergamum.anac.gov.br/arquivos/PA2015-0262.pdf,,true
4550,RR0013,SDRM,Privado,Olomai,AMAJARI,RR,,,3.926667,-64.184722,173.0,VFR,Sem Operação,2896,13/31,426.0,17.0,4000.0,0.5,,Grama,false,false,Cadastrado,,,,,false,2030-11-03,https://pergamum.anac.gov.br/arquivos/PA2020-2917.pdf,,true
4555,RR0040,SJKT,Privado,Contão,PACARAIMA,RR,,,4.171667,-60.543611,176.0,VFR,Sem Operação,3997,09/27,700.0,20.0,4000.0,0.5,,Terra,false,false,Cadastrado,,,,,false,2033-02-28,https://pergamum.anac.gov.br/arquivos/PA2023-10.534.pdf,,true
4558,PA0210,,Privado,Pista Castanheira,ITAITUBA,PA,,,-6.078333,-56.262222,180.0,,,,,,,,,,,,,Autorizado,,,,,false,,,,true
4560,PA0116,SNYP,Privado,Chácara Paraíso,BENEVIDES,PA,,,-1.317778,-48.298889,21.0,VFR,Sem Operação,3032,12/30,960.0,18.0,5000.0,0.5,,Asfalto,false,false,Cadastrado,,,,,false,2032-03-23,https://pergamum.anac.gov.br/arquivos/PA2022-7556.pdf,,true
4565,PA0185,,Privado,Fazenda Sol Nascente,TOMÉ-AÇU,PA,,,-2.387222,-48.350556,51.0,VFR,Sem Operação,4281,13/31,550.0,18.0,2073.0,0.5,,Terra,false,false,Autorizado,,,,,false,,,,true
4567,RR0036,SJKO,Privado,Cararuau,NORMANDIA,RR,,,4.063056,-60.165,181.0,VFR,Sem Operação,4567,06/24,600.0,20.0,4000.0,0.5,,Terra,false,false,Cadastrado,,,,,false,,,,true
4569,RR0035,SJKN,Privado,Caracanã,UIRAMUTÃ,RR,,,4.704722,-60.265278,606.0,VFR,Sem Operação,3998,12/30,800.0,30.0,4000.0,0.5,,Terra,false,false,Cadastrado,,,,,false,,,,true
4589,RR0055,SJLN,Privado,Maloquinha,UIRAMUTÃ,RR,,,4.726944,-60.590556,576.0,VFR,Sem Operação,4568,09/27,700.0,20.0,4000.0,0.5,,Terra,false,false,Cadastrado,,,,,false,,,,true
4591,PA0119,SNYZ,Privado,Fazenda Rio 18,CUMARU DO NORTE,PA,,,-8.438333,-51.284722,315.0,VFR,Sem Operação,4483,05/23,1200.0,18.0,5000.0,0.5,,Terra,false,false,Cadastrado,,,,,false,2032-08-16,https://pergamum.anac.gov.br/arquivos/PA2022-8796.pdf,,true
4594,RR0057,SJLP,Privado,Manoá-pium,BONFIM,RR,,,2.98,-60.095278,106.0,VFR,Sem Operação,3960,01/19,600.0,20.0,4000.0,0.5,,Terra,false,false,Cadastrado,,,,,false,,,,true
4598,RO0025,SSKI,Privado,Fazenda Cristo Rei,PARECIS,RO,,,-12.0875,-61.276944,294.0,VFR,Sem Operação,2490,10/28,700.0,18.0,5700.0,0.5,,Cascalho,false,false,Cadastrado,,,,,false,2024-09-16,https://pergamum.anac.gov.br/arquivos/PA2014-2169.pdf,,true
4640,RO0039,SDHJ,Privado,Ji Paraná Tradição,JI-PARANÁ,RO,,,-10.933611,-61.926389,173.0,,,,,,,,,,,,,Cadastrado,,,,,false,2024-12-31,https://pergamum.anac.gov.br/arquivos/PA2014-3180.pdf,,true
4641,PA0212,,Privado,Mutum,ITAITUBA,PA,,,-7.638333,-56.785556,277.0,,,,,,,,,,,,,Autorizado,,,,,false,,,,true
4643,AM0052,SWQE,Privado,Querari,SÃO GABRIEL DA CACHOEIRA,AM,,,1.091389,-69.833889,150.0,VFR,Sem Operação,3000,18/36,850.0,30.0,2500.0,0.5,,Asfalto,false,false,Cadastrado,,,,,false,2025-08-20,https://pergamum.anac.gov.br/arquivos/PA2015-1268.pdf,,true
4656,AM0070,,Privado,Rio Cuiuní,BARCELOS,AM,,,-1.023611,-63.795,30.0,,,,,,,,,,,,,Autorizado,,,,,false,,,,true
4657,AM0042,SWAK,Privado,Assunção do Içana,SÃO GABRIEL DA CACHOEIRA,AM,,,1.066389,-67.600556,150.0,VFR,Sem Operação,3942,06/24,950.0,30.0,2500.0,0.5,,Argila,false,false,Cadastrado,,,,,false,2025-06-12,https://pergamum.anac.gov.br/arquivos/PA2015-1416.pdf,,true
4658,AM0049,SWMK,Privado,Maturacá,SANTA ISABEL DO RIO NEGRO,AM,,,0.616389,-66.131111,108.0,VFR,Sem Operação,4216,07/25,1200.0,30.0,,,33/F/B/Y/T,Asfalto,false,false,Cadastrado,,,,,false,2025-06-17,https://pergamum.anac.gov.br/arquivos/PA2015-1451.pdf,,true
4659,AM0046,SWJP,Privado,Vila Bittencourt,JAPURÁ,AM,,,-1.403889,-69.423611,78.0,VFR,Sem Operação,4170,13/31,1500.0,30.0,,,14/R/C/W/U,Concreto,false,false,Cadastrado,,,,,false,2025-04-02,https://pergamum.anac.gov.br/arquivos/PA2015-0127.pdf,,true
4662,AM0065,,Privado,Rio Urubaxí,BARCELOS,AM,,,-1.386111,-65.044444,30.0,VFR,Sem Operação,3401,02/20,1000.0,23.0,5600.0,0.69,,Terra,false,false,Autorizado,,,,,false,,,,true
4663,PA0191,,Privado,Pista CVA,JACAREACANGA,PA,,,-6.166111,-57.441667,200.0,VFR,Sem Operação,4280,18/36,600.0,25.0,4500.0,0.5,,Cascalho,false,false,Autorizado,,,,,false,,,,true
4666,RR0106,SWAE,Privado,Uaicas,ALTO ALEGRE,RR,,,3.545,-63.182222,330.0,VFR,Sem Operação,4039,02/20,800.0,30.0,,,3/F/B/Z/U,Grama,false,false,Cadastrado,,,,,false,2025-06-29,https://pergamum.anac.gov.br/arquivos/PA2015-1596.pdf,,true
4674,PA0082,SNAJ,Privado,Fazenda Jaguaré,PARAGOMINAS,PA,,,-3.419722,-48.330556,133.0,,,2571,09/27,700.0,18.0,2500.0,0.5,,Piçarra,false,false,Cadastrado,,,,,false,2032-07-20,https://pergamum.anac.gov.br/arquivos/PA2022-8482.pdf,,true
4683,AM0080,,Público,Codajás,CODAJÁS,AM,,,-3.809444,-62.068056,,,,,,,,,,,,,,Autorizado,,,,,false,,,,true
4708,PA0234,,Privado,HIEX,BELÉM,PA,,,-1.451111,-48.493056,,,,,,,,,,,,,,Autorizado,,,,,false,,,,true
4718,RO0050,SIIN,Privado,Fazenda Marrecão,SÃO MIGUEL DO GUAPORÉ,RO,,,-12.04,-63.042222,161.0,VFR,Sem Operação,3524,05/23,800.0,18.0,5700.0,0.5,,Cascalho,false,false,Cadastrado,,,,,false,2029-02-14,https://pergamum.anac.gov.br/arquivos/PA2019-0334.pdf,,true
4730,PA0229,,Privado,Salles,CASTANHAL,PA,,,-1.290833,-47.961667,,,,,,,,,,,,,,Autorizado,,,,,false,,,,true
4768,TO0053,SWJU,Privado,Fazenda Mundo Novo,DUERÉ,TO,,,-11.543472,-49.492889,230.0,VFR,Sem Operação,3279,15/33,1300.0,18.0,,,13/F/B/Y/T,Asfalto,false,false,Cadastrado,,,,,false,2029-06-26,https://pergamum.anac.gov.br/arquivos/PA2019-1861.pdf,,true
4769,PA0089,SNFG,Privado,Pista Fogoió,ITAITUBA,PA,,,-5.358917,-57.520278,119.0,VFR,Sem Operação,3557,18/36,700.0,18.0,5000.0,0.5,,Terra,false,false,Cadastrado,,,,,false,2026-08-31,https://pergamum.anac.gov.br/arquivos/PA2016-2295.pdf,,true
4777,AM0084,,Privado,Fazenda Pratinha,NOVO AIRÃO,AM,,,-2.701278,-61.003889,,,,,,,,,,,,,,Autorizado,,,,,false,,,,true
4797,PA0161,SNVL,Privado,Nova Vida,SANTANA DO ARAGUAIA,PA,,,-9.512,-50.831972,225.0,VFR,Sem Operação,7701,12/30,900.0,18.0,4000.0,0.5,,Cascalho,false,false,Cadastrado,,,,,false,2030-05-07,https://pergamum.anac.gov.br/arquivos/PA2020-0754.pdf,,true
4819,TO0061,,Privado,Fazenda Estrela Azul,TAGUATINGA,TO,,,-12.384694,-46.802194,368.8,VFR,Sem Operação,3012,16/34,900.0,40.0,5670.0,0.5,,Cascalho,false,false,Autorizado,,,,,false,,,,true
4820,PA0211,,Privado,Hospital Metropolitano de Urgência e Emergência,ANANINDEUA,PA,,,-1.393056,-48.419444,24.0,,,,,,,,,,,,,Autorizado,,,,,false,,,,true
4821,TO0064,,Privado,Fazenda São José,ANANÁS,TO,,,-6.295278,-48.411111,134.0,VFR,Sem Operação,4129,01/19,900.0,20.0,2900.0,0.5,,Cascalho,false,false,Autorizado,,,,,false,,,,true
4826,PA0061,SIWK,Privado,Pista Aldeia Moykarako,SÃO FÉLIX DO XINGU,PA,,,-7.434444,-51.819722,272.0,VFR,Sem Operação,2834,18/36,799.0,18.0,5000.0,0.5,,Terra,false,false,Cadastrado,,,,,false,2025-11-18,https://pergamum.anac.gov.br/arquivos/PA2015-3043.pdf,,true
4838,AM0073,,Privado,Base de Apoio Itapiranga,SILVES,AM,,,-2.697778,-58.261389,,,,,,,,,,,,,,Autorizado,,,,,false,,,,true
4839,AM0075,,Privado,Bate 1 (Porto Moura),TEFÉ,AM,,,-4.509444,-65.527028,,,,,,,,,,,,,,Autorizado,,,,,false,,,,true
4841,PA0163,SSXR,Privado,Fazenda Nobel Pará,SANTANA DO ARAGUAIA,PA,,,-8.977778,-50.368611,211.0,VFR,Sem Operação,3755,10/28,1000.0,18.0,5700.0,0.5,,Cascalho,false,false,Cadastrado,,,,,false,2029-04-11,https://pergamum.anac.gov.br/arquivos/PA2019-1067.pdf,,true
4851,AM0028,SDGT,Privado,Agrotec,MANACAPURU,AM,,,-3.205556,-60.541389,32.0,VFR,Sem Operação,3680,08/26,1200.0,30.0,5700.0,0.5,,Asfalto,false,false,Cadastrado,,,,,false,2028-07-02,https://pergamum.anac.gov.br/arquivos/PA2019-0481.pdf,,true
4857,PA0239,,Privado,Da Usina,CANAÃ DOS CARAJÁS,PA,,,-6.440278,-50.230278,,,,,,,,,,,,,,Autorizado,,,,,false,,,,true
4867,PA0164,SNGY,Privado,Salles,CASTANHAL,PA,,,-1.258806,-47.953472,41.0,VFR,VFR,3898,11/29,1120.0,18.0,5700.0,0.5,,Asfalto,false,false,Cadastrado,,,,,false,2029-04-23,https://pergamum.anac.gov.br/arquivos/PA2019-1143.pdf,,true
4932,PA0241,,Privado,Rio Capim,IPIXUNA DO PARÁ,PA,,,-2.820556,-47.893889,,,,,,,,,,,,,,Autorizado,,,,,false,,,,true
4935,RO0047,SJQZ,Privado,Fazenda Peça Rara Agropecuária II,ALTA FLORESTA D'OESTE,RO,,,-12.425389,-62.143083,202.0,VFR,Sem Operação,3672,17/35,1000.0,20.0,5600.0,0.5,,Grama,false,false,Cadastrado,,,,,false,2028-11-30,https://pergamum.anac.gov.br/arquivos/PA2018-3505.pdf,,true
4940,RO0020,SJYD,Privado,Fazenda Kajussol,SANTA LUZIA D'OESTE,RO,,,-11.964722,-61.686667,214.0,VFR,Sem Operação,2884,07/25,1300.0,18.0,5000.0,0.45,,Asfalto,false,false,Cadastrado,,,,,false,2024-12-30,https://pergamum.anac.gov.br/arquivos/PA2014-3154.pdf,,true
4960,TO0067,,Privado,Lago Sul,PALMAS,TO,,,-10.391944,-48.338889,256.0,VFR,Sem Operação,2935,14/32,1000.0,20.0,5600.0,0.5,,Cascalho,false,false,Autorizado,,,,,false,,,,true
4965,TO0075,,Privado,Fazenda Terra Madre,BARRA DO OURO,TO,,,-7.950556,-47.524444,222.0,VFR,Sem Operação,11761,06/24,1199.0,25.0,5700.0,0.5,,Cascalho,false,false,Cadastrado,,,,,false,2031-03-25,https://pergamum.anac.gov.br/arquivos/PA2021-4477.pdf,,true
4967,TO0078,SJGW,Privado,Fazenda São Geraldo,COUTO MAGALHÃES,TO,,,-8.314722,-48.976944,195.0,VFR,Sem Operação,7668,11/29,970.0,15.0,5700.0,0.5,,Cascalho,false,false,Cadastrado,,,,,false,2030-05-07,https://pergamum.anac.gov.br/arquivos/PA2020-1033.pdf,,true
4970,AM0063,SNDJ,Privado,Pousada Sucunduri,BORBA,AM,,,-5.593333,-59.550556,49.0,VFR,Sem Operação,7521,14/32,1200.0,20.0,5700.0,0.5,,Cascalho,false,false,Cadastrado,,,,,false,2030-07-22,https://pergamum.anac.gov.br/arquivos/PA2020-1782.pdf,,true
4997,PA0188,,Privado,Fazenda São João,ITAITUBA,PA,,,-6.175,-56.408333,230.0,VFR,Sem Operação,4180,09/27,700.0,18.0,4500.0,0.5,,Cascalho,false,false,Autorizado,,,,,false,,,,true
4998,TO0062,,Privado,Pulvenorte,LAGOA DA CONFUSÃO,TO,,,-10.807222,-49.751389,195.0,VFR,Sem Operação,3432,13/31,870.0,25.0,5600.0,0.5,,Terra,false,false,Autorizado,,,,,false,,,,true
5000,TO0071,,Privado,Terra Brasil,PALMAS,TO,,,-10.096944,-48.361667,,,,,,,,,,,,,,Autorizado,,,,,false,,,,true
5040,TO0063,,Privado,Subestação,PALMAS,TO,,,-10.2025,-48.308889,240.0,,,,,,,,,,,,,Autorizado,,,,,false,,,,true
5052,AP0013,SNMS,Privado,Acácio Favacho,PRACUÚBA,AP,,,1.560556,-50.770833,11.0,VFR,Sem Operação,8724,18/36,1000.0,18.0,3000.0,0.5,,Cascalho,,,Cadastrado,,,,,false,2030-08-31,https://pergamum.anac.gov.br/arquivos/PA2020-1930.pdf,,true
5104,PA0115,SNYJ,Privado,Pista São Jorge,JACAREACANGA,PA,,,-6.134722,-57.401944,234.0,VFR,Sem Operação,3702,17/35,450.0,18.0,4500.0,0.5,,Cascalho,false,false,Cadastrado,,,,,false,2033-01-27,https://pergamum.anac.gov.br/arquivos/PA2023-10301.pdf,,true
5114,AC0013,SWHJ,Privado,Fazenda Santa Lúcia,BRASILÉIA,AC,,,-10.746389,-69.198889,291.0,VFR,Sem Operação,3198,17/35,410.0,18.0,5700.0,0.5,,Grama,false,false,Cadastrado,,,,,false,2028-12-26,https://pergamum.anac.gov.br/arquivos/PA2018-3873.pdf,,true
5119,PA0166,SWJZ,Privado,Sítio Primavera,ITAITUBA,PA,,,-6.4225,-55.446667,221.0,VFR,Sem Operação,3534,11/29,1200.0,18.0,5700.0,0.5,,Cascalho,false,false,Cadastrado,,,,,false,2028-12-14,https://pergamum.anac.gov.br/arquivos/PA2018-3854.pdf,,true
5125,PA0125,SSEU,Privado,Tabocal,ITAITUBA,PA,,,-7.282778,-56.581944,279.0,VFR,Sem Operação,2305,03/21,900.0,18.0,5700.0,0.5,,Cascalho,false,false,Cadastrado,,,,,false,2024-04-10,https://pergamum.anac.gov.br/arquivos/PA2019-3588.pdf,,true
5129,TO0056,SWNF,Privado,Franciscus,DIVINÓPOLIS DO TOCANTINS,TO,,,-9.499722,-49.629167,201.0,VFR,Sem Operação,3454,10/28,1000.0,20.0,5700.0,0.5,,Terra,false,false,Cadastrado,,,,,false,2030-02-12,https://pergamum.anac.gov.br/arquivos/PA2020-0277.pdf,,true
5141,PA0113,SNXY,Privado,Cikel Brasil Verde,PORTEL,PA,,,-2.700278,-50.528611,30.0,VFR,Sem Operação,3118,05/23,1200.0,20.0,3000.0,0.5,,Piçarra,false,false,Cadastrado,,,,,false,2033-08-02,https://pergamum.anac.gov.br/arquivos/PA2023-11.961.pdf,,true
5157,RO0066,,Privado,Fazenda Independência,VILHENA,RO,,,-12.578333,-60.135556,610.0,,,13221,02/20,1300.0,20.0,5700.0,0.5,,Cascalho,false,false,Cadastrado,,,,,false,2031-06-01,https://pergamum.anac.gov.br/arquivos/PA2021-5020.pdf,,true
5170,RO0052,SSLJ,Privado,Fazenda São Luís,PIMENTEIRAS DO OESTE,RO,,,-13.451944,-60.828333,200.0,VFR,Sem Operação,7284,02/20,700.0,18.0,5700.0,0.5,,Cascalho,false,false,Cadastrado,,,,,false,2030-06-04,https://pergamum.anac.gov.br/arquivos/PA2020-1274.pdf,,true
5204,RR0032,SJEJ,Privado,Fazenda Estrela,ALTO ALEGRE,RR,,,3.368333,-61.219722,113.0,VFR,Sem Operação,3624,12/30,800.0,20.0,5700.0,0.5,,Cascalho,false,false,Cadastrado,,,,,false,2028-09-26,https://pergamum.anac.gov.br/arquivos/PA2019-1684.pdf,,true
5208,RO0056,,Privado,Aeroclube de Buritis,BURITIS,RO,,,-10.206944,-63.855,181.0,VFR,Sem Operação,21301,06/24,950.0,18.0,5700.0,0.5,,Cascalho,false,false,Cadastrado,,,,,false,2032-09-30,https://pergamum.anac.gov.br/arquivos/PA2022-9287.pdf,,true
5221,TO0054,SJBR,Privado,Fazenda Santa Rita,FIGUEIRÓPOLIS,TO,,,-12.244167,-48.97,284.0,VFR,Sem Operação,3464,17/35,900.0,20.0,,,13/F/B/Y/T,Asfalto,false,false,Cadastrado,,,,,false,2029-07-03,https://pergamum.anac.gov.br/arquivos/PA2019-1913.pdf,,true
5236,PA0168,SWPX,Privado,Belterra,BELTERRA,PA,,,-2.672222,-54.951667,,VFR,,,,,,,,,,,,Cadastrado,,,,,false,2030-08-25,https://pergamum.anac.gov.br/arquivos/PA2020-1900.pdf,,true
5242,PA0169,SJRU,Privado,Fazenda Terra Roxa,SANTA MARIA DAS BARREIRAS,PA,,,-8.716667,-50.406389,220.0,VFR,Sem Operação,7582,10/28,1100.0,18.0,5700.0,0.5,,Terra,,,Cadastrado,,,,,false,2030-05-07,https://pergamum.anac.gov.br/arquivos/PA2020-1032.pdf,,true
5251,TO0057,SSPA,Privado,Fazenda Marajoara,CARIRI DO TOCANTINS,TO,,,-11.963333,-49.038056,266.0,VFR,Sem Operação,11115,08/26,1126.0,18.0,,,13/F/B/Y/T,Asfalto,false,false,Cadastrado,,,,,false,2029-07-10,https://pergamum.anac.gov.br/arquivos/PA2019-2015.pdf,,true
5255,TO0058,SWFZ,Privado,Fazenda Galiléia,ALMAS,TO,,,-11.561111,-47.146111,466.0,VFR,Sem Operação,7183,11/29,900.0,18.0,5700.0,0.5,,Terra,false,false,Cadastrado,,,,,false,2030-04-14,https://pergamum.anac.gov.br/arquivos/PA2020-0753.pdf,,true
5270,RO0026,SSZD,Privado,Zirondi,PORTO VELHO,RO,,,-8.774167,-63.733889,84.0,VFR,VFR,2926,04/22,1400.0,20.0,,,16/F/B/Y/U,Asfalto,false,false,Cadastrado,,,,,false,2024-10-24,https://pergamum.anac.gov.br/arquivos/PA2017-0510.pdf,,true
5273,AP0014,SWQJ,Privado,COOMEJ,ALMEIRIM,PA,,,-0.101944,-52.95,100.0,VFR,Sem Operação,8701,17/35,1000.0,50.0,5700.0,0.5,,Terra,false,false,Cadastrado,,,,,false,2030-09-23,https://pergamum.anac.gov.br/arquivos/PA2020-2427.pdf,,true
5276,PA0170,,Privado,Padre Cícero,ITAITUBA,PA,,,-7.122222,-56.775,198.0,VFR,Sem Operação,4350,04/22,500.0,18.0,5700.0,0.5,,Terra,false,false,Autorizado,,,,,false,,,,true
5277,PA0171,,Privado,Mina de Buritirama,MARABÁ,PA,,,-5.520806,-50.214639,,VFR,Sem Operação,12801,01/19,800.0,20.0,5600.0,0.5,,Terra,false,false,Autorizado,,,,,false,2031-05-19,https://pergamum.anac.gov.br/arquivos/PA2021-4962.pdf,,true
5299,PA0172,SNGJ,Privado,Fazenda Padre Cícero,MARABÁ,PA,,,-5.605556,-49.475,149.0,VFR,Sem Operação,3171,14/32,800.0,18.0,3200.0,0.5,,Cascalho,false,false,Cadastrado,,,,,false,2029-08-07,https://pergamum.anac.gov.br/arquivos/PA2019-2324.pdf,,true
5302,TO0072,,Privado,Hospital Universitário de Palmas,PALMAS,TO,,,-10.263333,-48.334444,,,,,,,,,,,,,,Autorizado,,,,,false,,,,true
5305,TO0065,,Privado,Fazenda Coração Valente,ARAGUAÇU,TO,,,-13.020278,-49.658056,283.0,VFR,Sem Operação,2512,10/28,798.0,45.0,5700.0,0.5,,Cascalho,false,false,Autorizado,,,,,false,,,,true
5306,TO0069,,Privado,Geominas,NATIVIDADE,TO,,,-11.645556,-47.679167,,,,,,,,,,,,,,Autorizado,,,,,false,,,,true
5308,TO0073,,Privado,Fazenda Cheguei,LAGOA DA CONFUSÃO,TO,,,-10.891389,-49.680833,,,,,,,,,,,,,,Autorizado,,,,,false,,,,true
5315,PA0248,SBOW,Privado,Fazenda Agropecuária Vale do Ouro,ITAITUBA,PA,,,-4.18675,-56.058167,,VFR,,9892,12/30,950.0,18.0,4000.0,0.5,,Cascalho,false,false,Cadastrado,,,,,false,2030-11-03,https://pergamum.anac.gov.br/arquivos/PA2020-2802.pdf,,true
5336,PA0252,,Privado,Aldeia Pedra da Onça,ÓBIDOS,PA,,,1.440556,-55.658611,,,,,,,,,,,,,,Cadastrado,,,,,false,2032-01-25,https://pergamum.anac.gov.br/arquivos/PA2022-6978.pdf,,true
5345,PA0243,SWML,Privado,Fazenda Nova Santa Rita,ITAITUBA,PA,,,-6.801389,-56.490833,251.0,VFR,Sem Operação,3595,17/35,1000.0,18.0,,,8/F/B/Y/U,Asfalto,false,false,Cadastrado,,,,,false,2029-12-04,https://pergamum.anac.gov.br/arquivos/PA2019-3670.pdf,,true
5348,PA0249,,Privado,Maria Clara,PONTA DE PEDRAS,PA,,,-1.376389,-48.813889,,VFR,Sem Operação,11441,07/25,600.0,18.0,2500.0,0.5,,Piçarra,false,false,Cadastrado,,,,,false,2031-02-25,https://pergamum.anac.gov.br/arquivos/PA2021-4176.pdf,,true
5381,PA0251,,Privado,Pista Santa Rita,TRAIRÃO,PA,,,-5.507222,-56.568333,180.0,VFR,Sem Operação,10501,01/19,600.0,18.0,4000.0,0.5,,Terra,false,false,Cadastrado,,,,,false,2030-12-29,https://pergamum.anac.gov.br/arquivos/PA2020-3424.pdf,,true
5382,PA0084,SNCB,Privado,Castanhal,PRAINHA,PA,,,-2.525556,-53.943889,153.0,VFR,Sem Operação,3270,07/25,970.0,30.0,5700.0,0.5,,Piçarra,false,false,Cadastrado,,,,,false,2024-03-31,https://pergamum.anac.gov.br/arquivos/PA2016-2902.pdf,,true
5387,RO0064,SIYA,Privado,CAT - Clube Aéreo Taquari,VILHENA,RO,,,-12.791694,-60.171778,593.0,VFR,Sem Operação,7683,01/19,999.0,20.0,5700.0,0.5,,Cascalho,false,false,Cadastrado,,,,,false,2030-05-07,https://pergamum.anac.gov.br/arquivos/PA2020-1058.pdf,,true
5389,TO0090,,Privado,Fazenda São Gabriel,MATEIROS,TO,,,-10.303611,-45.804722,,,,,,,,,,,,,,Autorizado,,,,,false,,,,true
5394,TO0081,,Privado,Fazenda Guarabu,ARAGUAÍNA,TO,,,-7.355278,-48.806944,,,,,,,,,,,,,,Cadastrado,,,,,false,2031-07-06,https://pergamum.anac.gov.br/arquivos/PA2021-5306.pdf,,true
5399,PA0056,SISO,Privado,Fazenda Santo Ambrósio,CHAVES,PA,,,-0.091944,-49.581111,6.0,VFR,Sem Operação,4678,10/28,900.0,18.0,5700.0,0.5,,Concreto,false,false,Cadastrado,,,,,false,,,,true
5400,AC0016,,Privado,MNTB,CRUZEIRO DO SUL,AC,,,-7.582222,-72.731111,218.0,,,,,,,,,,,,,Cadastrado,,,,,false,2032-01-04,https://pergamum.anac.gov.br/arquivos/PA2021-6767.pdf,,true
5418,PA0250,,Público,Salinópolis,SALINÓPOLIS,PA,Salinópolis,PA,-0.696222,-47.336528,,,,,,,,,,,,,,Autorizado,1,,AP-0,,false,,,,true
5421,PA0174,,Privado,Arapaima Aquicultura,ALMEIRIM,PA,,,-1.379722,-52.400556,5.0,VFR,Sem Operação,4252,06/24,1200.0,30.0,5000.0,0.5,,Cascalho,false,false,Autorizado,,,,,false,,,,true
5422,PA0175,,Privado,Prainha,PRAINHA,PA,,,-1.786944,-53.484444,,,,,,,,,,,,,,Autorizado,,,,,false,,,,true
5424,PA0217,,Privado,Fazenda Rio Branco,SÃO MIGUEL DO GUAMÁ,PA,,,-1.506389,-47.646667,55.0,VFR,Sem Operação,4773,10/28,1300.0,23.0,5700.0,0.5,,Asfalto,false,false,Autorizado,,,,,false,,,,true
5425,PA0226,,Privado,Ferro Carajás S11D,CANAÃ DOS CARAJÁS,PA,,,-6.487222,-50.007778,,,,,,,,,,,,,,Autorizado,,,,,false,2021-04-15,,,true
5428,PA0232,,Privado,JMF,CUMARU DO NORTE,PA,,,-7.951111,-50.634167,,,,,,,,,,,,,,Autorizado,,,,,false,,,,true
5429,PA0233,,Privado,Canteiro Sudeste do Pará,CANAÃ DOS CARAJÁS,PA,,,-6.502167,-49.862417,,,,,,,,,,,,,,Autorizado,,,,,false,,,,true
5435,PA0245,,Privado,City Fly Redenção,REDENÇÃO,PA,,,-8.050889,-50.0625,253.0,,,,,,,,,,,,,Autorizado,,,,,false,,,,true
5508,AP0015,,Privado,Apalí,MACAPÁ,AP,,,0.125,-51.120556,20.0,VFR,Sem Operação,4444,15/33,1000.0,18.0,5700.0,0.5,,Asfalto,false,false,Autorizado,,,,,false,,,,true
5509,AM0072,,Privado,Tarumã,MANAUS,AM,,,-2.970833,-60.068611,64.0,,,,,,,,,,,,,Autorizado,,,,,false,,,,true
5512,AM0077,,Público,Amaturá,SANTO ANTÔNIO DO IÇÁ,AM,Santo Antônio do Içá,AM,-3.048889,-68.194167,,,,,,,,,,,,,,Autorizado,,,,,false,,,,true
5513,AM0078,,Público,Jutaí,JUTAÍ,AM,Jutaí,AM,-2.772778,-66.745556,,,,,,,,,,,,,,Autorizado,,,,,false,,,,true
5517,AP0020,,Privado,Hospital Universitário UNIFAP,MACAPÁ,AP,,,0.0025,-51.083056,19.0,,,,,,,,,,,,,Autorizado,,,,,false,,,,true
5518,AM0087,,Público,BOA VISTA DO RAMOS,BOA VISTA DO RAMOS,AM,Boa Vista do Ramos,AM,-3.004444,-57.591667,,,,,,,,,,,,,,Autorizado,,,,,false,,,,true
5527,RO0053,,Privado,RONDON II,PIMENTA BUENO,RO,,,-11.932778,-60.697222,289.0,VFR,VFR,4147,04/22,1500.0,30.0,5700.0,0.5,,Asfalto,false,false,Autorizado,,,,,false,,,,true
5532,PA0180,,Privado,Fazenda Cristo Rei,ITAITUBA,PA,,,-7.771111,-56.703333,250.0,VFR,Sem Operação,4346,18/36,700.0,14.0,4500.0,0.5,,Terra,false,false,Autorizado,,,,,false,,,,true
5545,PA0183,,Privado,ENKYO,BELÉM,PA,,,-1.450833,-48.475556,41.0,,,,,,,,,,,,,Autorizado,,,,,false,,,,true
5548,PA0184,,Privado,Clínica Exportadora Mutran,BELÉM,PA,,,-1.441111,-48.491667,30.0,,,,,,,,,,,,,Autorizado,,,,,false,,,,true
5560,PA0208,,Privado,Agropecuária Serra Azul LTDA,NOVO PROGRESSO,PA,,,-8.403889,-55.531667,268.0,VFR,Sem Operação,4229,09/27,1000.0,23.0,5700.0,0.5,,Cascalho,false,false,Autorizado,,,,,false,,,,true
5562,PA0209,,Privado,Comunidade Caracol,TRAIRÃO,PA,,,-5.015833,-56.198056,122.0,,,,,,,,,,,,,Autorizado,,,,,false,,,,true
5567,AM0069,,Privado,Rio Aracá,BARCELOS,AM,,,-0.171667,-63.2925,30.0,,,,,,,,,,,,,Autorizado,,,,,false,,,,true
5572,PA0214,,Privado,Fazenda Ideal,RONDON DO PARÁ,PA,,,-4.743333,-48.0825,248.0,VFR,Sem Operação,4336,09/27,935.0,18.0,5670.0,0.5,,Terra,false,false,Autorizado,,,,,false,,,,true
5582,PA0218,,Privado,Fazenda Chão Preto,AURORA DO PARÁ,PA,,,-2.265,-47.590556,67.0,VFR,Sem Operação,4165,11/29,1300.0,23.0,5700.0,0.5,,Asfalto,false,false,Autorizado,,,,,false,,,,true
5597,PA0221,,Privado,Fazenda Morro Verde,XINGUARA,PA,,,-6.901389,-49.81,336.0,VFR,Sem Operação,3372,12/30,800.0,20.0,5600.0,0.5,,Piçarra,false,false,Autorizado,,,,,false,,,,true
5600,AP0018,,Privado,Comandante Chaguinha,MACAPÁ,AP,,,0.039722,-51.15,21.0,VFR,Sem Operação,4177,09/27,700.0,18.0,5670.0,0.5,,Terra,false,false,Autorizado,,,,,false,,,,true
5617,TO0068,,Privado,Petrolider,PALMAS,TO,,,-10.186944,-48.304444,293.5,,,,,,,,,,,,,Autorizado,,,,,false,,,,true
5637,AM0074,,Privado,Bate 2 (Apoio Dez),TEFÉ,AM,,,-4.858056,-65.711111,,,,,,,,,,,,,,Autorizado,,,,,false,,,,true
5661,PA0235,,Privado,Macupixi,ALENQUER,PA,,,-1.67675,-54.901167,,,,,,,,,,,,,,Autorizado,,,,,false,,,,true
5673,PA0238,,Privado,Aeronorte,BENEVIDES,PA,,,-1.307222,-48.2575,,,,,,,,,,,,,,Autorizado,,,,,false,,,,true
5712,PA0242,SWSI,Privado,Pousada Amazônia Fishing Lodge,JACAREACANGA,PA,,,-9.139167,-57.049722,155.0,VFR,Sem Operação,8721,14/32,800.0,18.0,5700.0,0.5,,Terra,false,false,Cadastrado,,,,,false,2030-08-13,https://pergamum.anac.gov.br/arquivos/PA2020-1931.pdf,,true
5714,PA0244,SWRU,Privado,Grupo Rotta,NOVO PROGRESSO,PA,,,-7.151389,-55.805278,254.0,VFR,Sem Operação,7505,01/19,850.0,18.0,5700.0,0.5,,Cascalho,,,Cadastrado,,,,,false,2030-06-17,https://pergamum.anac.gov.br/arquivos/PA2020-1444.pdf,,true
5716,AM0089,SWLQ,Privado,Fazenda Mata Velha,MANICORÉ,AM,,,-7.908056,-61.563333,117.0,VFR,Sem Operação,3488,15/33,800.0,18.0,5700.0,0.5,,Cascalho,false,false,Cadastrado,,,,,false,2029-12-04,https://pergamum.anac.gov.br/arquivos/PA2019-3668.pdf,,true
5741,TO0060,SJCF,Privado,SÍTIO FLYER,PALMAS,TO,,,-10.108056,-48.326389,260.0,VFR,,7042,13/31,600.0,18.0,3000.0,0.5,,Terra,false,false,Cadastrado,,,,,false,2030-03-02,https://pergamum.anac.gov.br/arquivos/PA2020-0466.pdf,Proibição de operações de pouso no aeródromo.,true
5982,PA0257,SSUD,Privado,Fazenda Serra Dourada,ITAITUBA,PA,,,-5.716389,-56.435278,133.0,VFR,Sem Operação,7669,01/19,587.0,20.0,4000.0,0.5,,Terra,false,false,Cadastrado,,,,,false,2030-05-07,https://pergamum.anac.gov.br/arquivos/PA2020-0832.pdf,,true
6063,TO0084,SBON,Privado,Fazenda Renascer,GOIATINS,TO,,,-7.615556,-47.451667,233.0,VFR,Sem Operação,9961,06/24,600.0,18.0,5700.0,0.5,,Cascalho,false,false,Cadastrado,,,,,false,2030-10-26,https://pergamum.anac.gov.br/arquivos/PA2020-2873.pdf,,true
6073,PA0256,,Privado,Fazenda Itália,DOM ELISEU,PA,,,-4.537222,-47.865556,323.0,VFR,Sem Operação,10942,12/30,1000.0,18.0,4200.0,0.5,,Cascalho,true,true,Cadastrado,,,,,false,2030-12-29,https://pergamum.anac.gov.br/arquivos/PA2020-3776.pdf,,true
6161,PA0258,,Privado,Fazenda Terezinha BC,JACUNDÁ,PA,,,-4.64,-49.259167,,,,,,,,,,,,,,Autorizado,,,,,false,,,,true
6261,PA0259,,Privado,Fazenda Planura,SANTA MARIA DAS BARREIRAS,PA,,,-8.9575,-50.104167,205.0,,,10642,10/28,1200.0,20.0,,,16/F/B/Y/U,Asfalto,false,true,Cadastrado,,,,,false,2030-12-29,https://pergamum.anac.gov.br/arquivos/PA2020-3518.pdf,,true
6274,PA0260,,Privado,Fazenda São José,ITAITUBA,PA,,,-7.884444,-56.558333,254.0,VFR,Sem Operação,10981,09/27,800.0,18.0,5700.0,0.5,,Cascalho,false,false,Cadastrado,,,,,false,2030-12-29,https://pergamum.anac.gov.br/arquivos/PA2020-3784.pdf,,true
6422,TO0086,,Privado,Engegold Tocantins,CHAPADA DA NATIVIDADE,TO,,,-11.623889,-47.741944,,,,,,,,,,,,,,Autorizado,,,,,false,,,,true
6702,PA0261,,Privado,Aeroparque Paulo CDE,REDENÇÃO,PA,,,-8.087222,-49.933889,,,,13281,05/23,1000.0,20.0,3600.0,5.0,,Piçarra,false,false,Cadastrado,,,,,false,2031-06-02,https://pergamum.anac.gov.br/arquivos/PA2021-5042.pdf,,true
6703,TO0085,SBQU,Privado,Hungaro Helipark,ARAGUAÍNA,TO,,,-7.204167,-48.219722,201.0,,,,,,,,,,,,,Cadastrado,,,,,false,2030-10-08,https://pergamum.anac.gov.br/arquivos/PA2020-2295.pdf,,true
6803,AC0017,,Privado,Fazenda Brasil,SENA MADUREIRA,AC,,,-9.1325,-68.586667,,VFR,Sem Operação,10866,15/33,700.0,18.0,5700.0,0.5,,Terra,false,false,Cadastrado,,,,,false,2030-12-20,https://pergamum.anac.gov.br/arquivos/PA2020-3736.pdf,,true
7261,PA0263,,Privado,Hospital Cinco de Outubro,CANAÃ DOS CARAJÁS,PA,,,-6.523889,-49.845278,,,,,,,,,,,,,,Cadastrado,,,,,false,2031-07-21,https://pergamum.anac.gov.br/arquivos/PA2021-5355.pdf,,true
7281,PA0262,,Privado,Onça Puma,OURILÂNDIA DO NORTE,PA,,,-6.58,-51.096111,,,,,,,,,,,,,,Autorizado,,,,,false,,,,true
7483,PA0266,,Privado,Aero Helinorte,SÃO JOÃO DO ARAGUAIA,PA,,,-5.447778,-48.92,147.0,VFR,Sem Operação,9162,09/27,1257.0,23.0,5700.0,0.5,,Cascalho,false,false,Cadastrado,,,,,false,2032-10-13,https://pergamum.anac.gov.br/arquivos/PA2022-9456.pdf,,true
7622,PA0165,SBOJ,Privado,Crepurizão,ITAITUBA,PA,,,-6.82,-56.841389,190.0,VFR,Sem Operação,9891,09/27,750.0,18.0,5000.0,0.5,,Cascalho,,,Cadastrado,,,,,false,2030-10-26,https://pergamum.anac.gov.br/arquivos/PA2020-2804.pdf,,true
7701,RO0067,,Privado,Fazenda Brasil Fronteira,PIMENTEIRAS DO OESTE,RO,,,-13.406111,-61.348333,187.0,VFR,Sem Operação,10601,02/20,1100.0,20.0,5700.0,0.5,,Cascalho,false,false,Cadastrado,,,,,false,2031-01-28,https://pergamum.anac.gov.br/arquivos/PA2021-3937.pdf,,true
7761,RO0015,,Privado,Fazenda Santa Ana,CORUMBIARA,RO,,,-13.006111,-61.240278,206.0,VFR,Sem Operação,9721,01/19,800.0,18.0,5700.0,0.5,,Grama,false,false,Cadastrado,,,,,false,2030-12-21,https://pergamum.anac.gov.br/arquivos/PA2020-3665.pdf,,true
7823,AM0095,,Privado,Estância Buriti,AUTAZES,AM,,,-3.544444,-59.777222,31.0,VFR,Sem Operação,21261,14/32,500.0,18.0,5700.0,0.5,,Terra,false,false,Cadastrado,,,,,false,2032-11-24,https://pergamum.anac.gov.br/arquivos/PA2022-9754.pdf,,true
7844,PA0265,,Privado,Fazenda Tangará,SANTANA DO ARAGUAIA,PA,,,-9.668611,-50.780833,210.0,VFR,Sem Operação,10762,12/30,800.0,18.0,5400.0,0.5,,Terra,false,false,Cadastrado,,,,,false,2030-12-21,https://pergamum.anac.gov.br/arquivos/PA2020-3651.pdf,,true
7901,AM0098,,Privado,Governador José B. Lindoso,IPIXUNA,AM,,,-7.034444,-71.686944,164.0,VFR,Sem Operação,11681,03/21,800.0,20.0,,,8/R/B/X/U,Concreto,false,false,Cadastrado,,,,,false,2031-02-26,https://pergamum.anac.gov.br/arquivos/PA2021-4236.pdf,,true
7902,PA0267,,Privado,Fazenda Boa Vista,ITAITUBA,PA,,,-7.858056,-56.719444,275.0,VFR,Sem Operação,10946,08/26,800.0,18.0,5700.0,0.5,,Cascalho,false,false,Cadastrado,,,,,false,2031-02-25,https://pergamum.anac.gov.br/arquivos/PA2021-4119.pdf,,true
7963,RO0071,,Privado,Sítio Mequéns,ALTA FLORESTA D'OESTE,RO,,,-13.095556,-62.387778,,VFR,Sem Operação,13401,06/24,940.0,18.0,5000.0,50.0,,Terra,false,false,Cadastrado,,,,,false,2031-06-02,https://pergamum.anac.gov.br/arquivos/PA2021-5067.pdf,,true
7980,RR0125,,,Fazenda Tucumã,ALTO ALEGRE,RR,,,3.133333,-61.041389,126.0,,,16222,02/20,900.0,18.0,5700.0,0.5,,Terra,false,false,Cadastrado,,,,,false,2031-12-21,https://pergamum.anac.gov.br/arquivos/PA2021-6660.pdf,,true
7984,PA0269,,Privado,Fazenda Planada,ITAITUBA,PA,,,-7.565,-56.711667,,,,13002,18/36,700.0,18.0,5700.0,50.0,,Terra,,,Cadastrado,,,,,false,2031-06-01,https://pergamum.anac.gov.br/arquivos/PA2021-4934.pdf,,true
7990,TO0089,,Privado,Fazenda Água Boa,ANANÁS,TO,,,-6.160556,-48.219167,,VFR,Sem Operação,14829,03/21,1300.0,18.0,5700.0,0.5,,Cascalho,false,false,Cadastrado,,,,,false,2031-10-15,https://pergamum.anac.gov.br/arquivos/PA2021-6038.pdf,,true
8083,PA0272,,Privado,Fazenda Bahia,ALENQUER,PA,,,-0.755556,-55.053889,481.0,VFR,Sem Operação,12101,04/22,650.0,18.0,5700.0,0.5,,Cascalho,false,false,Cadastrado,,,,,false,2031-03-25,https://pergamum.anac.gov.br/arquivos/PA2021-4531.pdf,,true
8101,PA0271,,Privado,FAZENDA MARIA DA PENHA GALLETTI GAVA,TERRA SANTA,PA,,,-2.065833,-56.4975,,VFR,Sem Operação,12985,12/30,800.0,18.0,5700.0,50.0,,Cascalho,false,,Cadastrado,,,,,false,2031-06-02,https://pergamum.anac.gov.br/arquivos/PA2021-4913.pdf,,true
8104,TO0083,,Privado,Fazenda São Gabriel,MATEIROS,TO,,,-10.303611,-45.804722,783.0,VFR,Sem Operação,10264,12/30,1200.0,20.0,5700.0,0.5,,Terra,false,false,Cadastrado,,,,,false,2030-12-21,https://pergamum.anac.gov.br/arquivos/PA2020-3637.pdf,,true
8121,PA0273,,Privado,Avelino Remor,RIO MARIA,PA,,,-7.301389,-50.049722,206.0,VFR,Sem Operação,12121,16/34,700.0,18.0,5000.0,0.5,,Piçarra,false,false,Cadastrado,,,,,false,2031-04-09,https://pergamum.anac.gov.br/arquivos/PA2021-4756.pdf,,true
8123,PA0274,,Privado,FAZENDA CURUÁ,ALENQUER,PA,,,-1.394722,-55.126111,70.0,VFR,Sem Operação,13384,14/32,600.0,18.0,5700.0,0.5,,Cascalho,,,Cadastrado,,,,,false,2031-05-31,https://pergamum.anac.gov.br/arquivos/PA2021-4947.pdf,,true
8142,RO0072,,Privado,NOMA,SÃO FRANCISCO DO GUAPORÉ,RO,,,-12.096111,-63.509722,164.0,VFR,Sem Operação,14081,02/20,1100.0,18.0,5700.0,0.5,,Cascalho,false,false,Cadastrado,,,,,false,2031-06-30,https://pergamum.anac.gov.br/arquivos/PA2021-5269.pdf,,true
8322,PA0276,,Privado,HELIPONTO PROJETO ALEMÃO,PARAUAPEBAS,PA,,,-6.032778,-50.581389,,,,,,,,,,,,,,Autorizado,,,,,false,,,,true
8402,AC0020,,Privado,FAZENDA SANTA TEREZA,SENA MADUREIRA,AC,,,-9.224444,-68.840278,,VFR,Sem Operação,12821,14/32,400.0,18.0,5700.0,0.5,,Cascalho,,,Cadastrado,,,,,false,2031-06-02,https://pergamum.anac.gov.br/arquivos/PA2021-4854.pdf,,true
8465,PA0278,,Privado,Aldeia Pururé,ALMEIRIM,PA,,,0.583333,-54.209722,288.0,VFR,Sem Operação,17203,04/22,500.0,18.0,5700.0,0.5,,Terra,,,Cadastrado,,,,,false,2032-02-14,https://pergamum.anac.gov.br/arquivos/PA2022-7145.pdf,,true
8466,PA0279,,Privado,Aldeia Ananapiare,ALMEIRIM,PA,,,0.620833,-54.418056,238.0,VFR,Sem Operação,15141,14/32,500.0,18.0,5700.0,0.5,,Terra,,,Cadastrado,,,,,false,2031-11-25,https://pergamum.anac.gov.br/arquivos/PA2021-6414.pdf,,true
8470,PA0283,,Privado,Aldeia Yawa,ORIXIMINÁ,PA,,,-1.359167,-56.13,299.0,VFR,Sem Operação,15781,02/20,900.0,18.0,5700.0,0.5,,Terra,,,Cadastrado,,,,,false,2032-01-31,https://pergamum.anac.gov.br/arquivos/PA2022-7064.pdf,,true
8484,RO0073,,Privado,Alex Testoni,OURO PRETO DO OESTE,RO,,,-10.699722,-62.276944,270.0,VFR,Sem Operação,12581,01/19,1000.0,18.0,5700.0,0.5,,Cascalho,false,false,Cadastrado,,,,,false,2031-04-15,https://pergamum.anac.gov.br/arquivos/PA2021-4743.pdf,,true
8563,PA0286,,Privado,EVANDRO MOREIRA,PARAGOMINAS,PA,,,-3.091389,-47.42,92.0,VFR,Sem Operação,24181,09/27,800.0,18.0,5700.0,0.5,,Terra,,,Cadastrado,,,,,false,2033-04-18,https://pergamum.anac.gov.br/arquivos/PA2023-10860.pdf,,true
8591,PA0289,,Privado,Fazenda Marju,VISEU,PA,,,-1.611944,-46.422222,40.0,,,,,,,,,,,,,Autorizado,,,,,false,,,,true
8623,TO0091,,Privado,FAZENDA CAMPOS BELOS,ARAGUATINS,TO,,,-5.576389,-48.060278,179.0,VFR,Sem Operação,12901,11/29,800.0,14.0,5600.0,0.5,,Piçarra,false,false,Cadastrado,,,,,false,2031-05-19,https://pergamum.anac.gov.br/arquivos/PA2021-4969.pdf,,true
8625,PA0287,,Privado,Fazenda Tambaú,ALENQUER,PA,,,-1.614722,-54.5475,123.0,VFR,Sem Operação,12761,03/21,900.0,18.0,4600.0,0.5,,Cascalho,false,false,Cadastrado,,,,,false,2031-05-06,https://pergamum.anac.gov.br/arquivos/PA2021-4891.pdf,,true
8626,PA0288,,Privado,Fazenda Três Corações,BANNACH,PA,,,-7.425833,-50.782222,343.0,VFR,Sem Operação,12701,04/22,900.0,18.0,4600.0,0.5,,Cascalho,false,false,Cadastrado,,,,,false,2031-05-06,https://pergamum.anac.gov.br/arquivos/PA2021-4890.pdf,,true
8685,PA0098,,Privado,Pista Maranhense,ITAITUBA,PA,,,-5.353889,-57.473889,116.0,VFR,Sem Operação,10923,16/34,700.0,18.0,5000.0,0.5,,Cascalho,false,false,Cadastrado,,,,,false,2030-12-29,https://pergamum.anac.gov.br/arquivos/PA2020-3751.pdf,,true
8801,AM0099,,Privado,FAZENDA ONÇA PRETA,LÁBREA,AM,,,-9.025833,-65.927778,,VFR,Sem Operação,14281,09/27,1200.0,18.0,5700.0,0.5,,Cascalho,false,false,Autorizado,,,,,false,2031-07-27,https://pergamum.anac.gov.br/arquivos/PA2021-5526.pdf,,true
8881,TO0092,,Privado,FAZENDA BONANZA,PIRAQUÊ,TO,,,-6.513889,-48.187778,,VFR,Sem Operação,26681,06/24,1200.0,20.0,5700.0,0.5,,Terra,,,Cadastrado,,,,,false,2033-07-26,https://pergamum.anac.gov.br/arquivos/PA2023-11.927.pdf,,true
8942,TO0093,,Privado,GAPS 1,CASEARA,TO,,,-9.413333,-49.850278,198.0,VFR,Sem Operação,13102,18/36,900.0,18.0,5700.0,0.5,,Cascalho,false,false,Cadastrado,,,,,false,2031-05-17,https://pergamum.anac.gov.br/arquivos/PA2021-4975.pdf,,true
8943,PA0290,,Privado,NSA-PA,CUMARU DO NORTE,PA,,,-8.458611,-50.990833,,,,14141,04/22,800.0,18.0,5700.0,0.5,,Cascalho,,,Cadastrado,,,,,false,2031-05-25,https://pergamum.anac.gov.br/arquivos/PA2021-6432.pdf,,true
9022,AC0018,,Privado,Fazenda Chocolate,BUJARI,AC,,,-9.5675,-68.291111,186.0,,,,,,,,,,,,,Cadastrado,,,,,false,,,,true
9123,PA0291,,Privado,FAZENDA MONGAGUÁ,CUMARU DO NORTE,PA,,,-9.475,-51.227778,373.0,VFR,Sem Operação,17201,06/24,790.0,23.0,5700.0,0.5,,Terra,,,Cadastrado,,,,,false,2032-02-22,https://pergamum.anac.gov.br/arquivos/PA2022-7211.pdf,,true
9324,AM0100,,Privado,São Joaquim,MANAUS,AM,,,-2.803611,-60.048056,108.0,VFR,Sem Operação,14501,03/21,900.0,18.0,5700.0,0.5,,Cascalho,false,false,Cadastrado,,,,,false,2032-12-15,https://pergamum.anac.gov.br/arquivos/PA2022-9992.pdf,,true
9342,PA0292,,Privado,ZEILDO LACERDA,PLACAS,PA,,,-3.891944,-54.241667,,,,,,,,,,,,,,Autorizado,,,,,false,,,,true
9383,PA0293,,Privado,Heliponto Mateus - Centro de Distribução de Santa Izabel/PA,SANTA IZABEL DO PARÁ,PA,,,-1.281944,-48.0625,,,,,,,,,,,,,,Autorizado,,,,,false,,,,true
9403,AC0021,,Privado,MNTB,CRUZEIRO DO SUL,AC,,,-7.581944,-72.731111,,,,,,,,,,,,,,Autorizado,,,,,false,,,,true
9503,PA0294,,Privado,Pista Girassol,ITAITUBA,PA,,,-5.357778,-57.140278,,VFR,Sem Operação,13241,11/29,600.0,18.0,5000.0,0.5,,Piçarra,false,false,Cadastrado,,,,,false,2031-06-01,https://pergamum.anac.gov.br/arquivos/PA2021-5034.pdf,,true
9504,PA0295,,Privado,Pista São Bento,ITAITUBA,PA,,,-5.258889,-57.472222,,VFR,Sem Operação,14381,11/29,500.0,18.0,4000.0,0.5,,Piçarra,false,false,Cadastrado,,,,,false,2031-08-12,https://pergamum.anac.gov.br/arquivos/PA2021-5601.pdf,,true
9562,PA0297,,Privado,AERÓDROMO FAZENDA SANTA RITA,RIO MARIA,PA,,,-7.245278,-49.436389,179.0,VFR,Sem Operação,14781,03/21,1380.0,20.0,,,8/F/B/Y/T,Asfalto,false,false,Cadastrado,,,,,false,,,,true
9564,PA0302,,Privado,Zo' é,ÓBIDOS,PA,,,-0.326944,-55.8375,297.0,VFR,Sem Operação,13701,12/30,840.0,18.0,5700.0,0.5,,Terra,false,false,Cadastrado,,,,,false,2031-06-09,https://pergamum.anac.gov.br/arquivos/PA2021-5121.pdf,,true
9582,PA0298,,Privado,FAZENDA CRISTO REI,SANTANA DO ARAGUAIA,PA,,,-9.430278,-50.3075,,VFR,Sem Operação,14761,17/35,1000.0,20.0,5700.0,0.5,,Cascalho,false,false,Cadastrado,,,,,false,2031-09-13,https://pergamum.anac.gov.br/arquivos/PA2021-5810.pdf,,true
9822,AM0096,SD6Y,Privado,Fazenda Bom Retiro,BOCA DO ACRE,AM,,,-9.358056,-67.789722,177.0,VFR,Sem Operação,11981,02/20,800.0,18.0,5700.0,0.5,,Grama,false,false,Cadastrado,,,,,false,2031-03-25,https://pergamum.anac.gov.br/arquivos/PA2021-4432.pdf,,true
9843,PA0305,,Privado,Estância Tapajós,ITAITUBA,PA,,,-4.303889,-56.074444,40.0,VFR,VFR,15262,16/34,1700.0,23.0,5700.0,0.5,,Cascalho,false,false,Cadastrado,,,,,false,2033-05-02,https://pergamum.anac.gov.br/arquivos/PA2023-10.953.pdf,,true
9845,PA0306,,Privado,RANCHO OLIVEIRA,NOVO PROGRESSO,PA,,,-7.047778,-55.364722,,VFR,Sem Operação,13203,11/29,500.0,18.0,5700.0,50.0,,Terra,false,false,Cadastrado,,,,,false,2031-05-02,https://pergamum.anac.gov.br/arquivos/PA2021-5035.pdf,,true
9884,PA0307,,Privado,Fazenda Monte Alegre,CURIONÓPOLIS,PA,,,-6.341667,-49.579722,193.0,VFR,Sem Operação,13725,09/27,900.0,25.0,5700.0,0.5,,Cascalho,false,false,Cadastrado,,,,,false,2031-11-29,https://pergamum.anac.gov.br/arquivos/PA2021-6412.pdf,,true
9885,TO0094,,Privado,Recanto das Araras,MATEIROS,TO,,,-10.293889,-46.550278,455.0,VFR,Sem Operação,18845,08/26,1200.0,18.0,5700.0,0.5,,Terra,false,false,Cadastrado,,,,,false,2032-06-10,https://pergamum.anac.gov.br/arquivos/PA2023-12.103.pdf,,true
9886,TO0095,,Privado,Aeródromo Tocantinópolis,TOCANTINÓPOLIS,TO,,,-6.333619,-47.472294,,,,,,,,,,,,,,Cadastrado,,,,,false,2031-08-03,https://pergamum.anac.gov.br/arquivos/PA2021-5534.pdf,,true
9923,AM0097,,Privado,Cmte. Dr. Ricardo Stoppe Júnior,LÁBREA,AM,,,-8.9275,-66.131944,159.0,VFR,Sem Operação,12105,02/20,1200.0,20.0,5700.0,0.5,,Terra,false,false,Cadastrado,,,,,false,2031-03-26,https://pergamum.anac.gov.br/arquivos/PA2021-4549.pdf,,true
10023,AC0019,,Privado,Fazenda Filipinas,EPITACIOLÂNDIA,AC,,,-10.783056,-68.569444,210.0,VFR,Sem Operação,12161,06/24,700.0,18.0,5700.0,0.5,,Terra,false,false,Cadastrado,,,,,false,2031-03-30,https://pergamum.anac.gov.br/arquivos/PA2021-4595.pdf,,true
10363,PA0308,,Privado,Fazenda Triângulo,SAPUCAIA,PA,,,-6.758333,-49.438333,183.0,VFR,Sem Operação,14941,16/34,950.0,18.0,5000.0,0.5,,Piçarra,false,false,Cadastrado,,,,,false,2031-09-24,https://pergamum.anac.gov.br/arquivos/PA2021-5885.pdf,,true
10442,RR0127,,Privado,Arroz Faccio,BONFIM,RR,,,3.258889,-60.363056,,VFR,Sem Operação,18141,09/27,779.0,18.0,4000.0,0.5,,Piçarra,false,false,Cadastrado,,,,,false,2032-04-28,https://pergamum.anac.gov.br/arquivos/PA2022-7768.pdf,,true
10483,PA0309,,Privado,São Leopoldo do Tapajós,ITAITUBA,PA,,,-4.972222,-56.920833,,VFR,Sem Operação,14561,07/25,900.0,18.0,5700.0,0.5,,Cascalho,false,false,Cadastrado,,,,,false,2031-08-25,https://pergamum.anac.gov.br/arquivos/PA2021-5733.pdf,,true
10503,RO0074,,Privado,FAZENDA BOA VISTA,CORUMBIARA,RO,,,-12.8275,-61.354722,227.0,VFR,Sem Operação,18001,14/32,1000.0,18.0,5700.0,0.52,,Cascalho,,,Cadastrado,,,,,false,2032-04-20,https://pergamum.anac.gov.br/arquivos/PA2022-7674.pdf,,true
10623,RO0070,,Privado,CAPUTI,VILHENA,RO,,,-12.719167,-60.2025,,VFR,Sem Operação,12961,02/20,800.0,18.0,5700.0,50.0,,Cascalho,false,false,Cadastrado,,,,,false,2031-06-01,https://pergamum.anac.gov.br/arquivos/PA2021-4902.pdf,,true
10643,TO0096,,Privado,Fazenda Nossa Senhora do Carmo,PORTO NACIONAL,TO,,,-10.504444,-48.306111,,VFR,Sem Operação,,,,,,,,,,,Cadastrado,,,,,false,2033-01-27,https://pergamum.anac.gov.br/arquivos/PA2023-10315.pdf,,true
10682,TO0097,,Privado,Fazenda Alto da Serra,PORTO NACIONAL,TO,,,-10.500833,-48.545833,,VFR,Sem Operação,26847,13/31,1202.0,20.0,5700.0,0.5,,Terra,,,Cadastrado,,,,,false,2033-08-03,https://pergamum.anac.gov.br/arquivos/PA2023-11.983.pdf,,true
10823,AM0101,,Privado,FAZENDA MANU,LÁBREA,AM,,,-9.403889,-65.715,,VFR,Sem Operação,19601,02/20,1200.0,18.0,5700.0,0.5,,Cascalho,,,Cadastrado,,,,,false,2032-08-09,https://pergamum.anac.gov.br/arquivos/PA2022-8592.pdf,,true
10902,PA0310,,Privado,FAZENDA CASA VERDE,MONTE ALEGRE,PA,,,-1.411389,-54.124167,215.0,,,15982,07/25,1000.0,18.0,5700.0,0.5,,Cascalho,false,false,Cadastrado,,,,,false,2031-12-10,https://pergamum.anac.gov.br/arquivos/PA2021-6515.pdf,,true
10983,RO0075,,Privado,Fazenda Amadeus Andrade,MIRANTE DA SERRA,RO,,,-11.146667,-62.828889,267.0,VFR,Sem Operação,14722,06/24,1200.0,20.0,5700.0,0.5,,Cascalho,false,false,Cadastrado,,,,,false,2031-09-09,https://pergamum.anac.gov.br/arquivos/PA2021-5800.pdf,,true
11002,RO0076,,Privado,Fazenda Nhuporã,PIMENTA BUENO,RO,,,-11.986944,-61.176944,253.0,VFR,Sem Operação,22881,09/27,1000.0,20.0,5600.0,0.5,,Terra,false,false,Cadastrado,,,,,false,2033-04-11,https://pergamum.anac.gov.br/arquivos/PA2023-10.862.pdf,,true
11163,TO0098,SDV3,Privado,Fazenda Água Fria,SANDOLÂNDIA,TO,,,-12.403056,-50.063889,212.0,,,16122,06/24,1100.0,23.0,,,8/F/B/X/T,Cascalho,,,Cadastrado,,,,,false,2031-12-13,https://pergamum.anac.gov.br/arquivos/PA2021-6584.pdf,,true
11165,AM0102,,Privado,JAPURÁ,JAPURÁ,AM,,,-1.896111,-67.019444,93.0,VFR,Sem Operação,14421,08/26,1200.0,22.0,,,8/F/B/Y/U,Asfalto,false,false,Cadastrado,,,,,false,2031-08-06,https://pergamum.anac.gov.br/arquivos/PA2021-5609.pdf,,true
11242,TO0099,,Privado,FAZENDA SANTA HELENA,PIUM,TO,,,-10.447222,-49.164167,274.0,VFR,Sem Operação,16461,14/32,600.0,18.0,5700.0,0.5,,Cascalho,,,Cadastrado,,,,,false,2032-01-06,https://pergamum.anac.gov.br/arquivos/PA2021-6820.pdf,,true
11304,PA0311,,Privado,CAROLINA,ITAITUBA,PA,,,-5.403056,-57.168056,,VFR,Sem Operação,15182,10/28,600.0,18.0,5700.0,0.5,,Cascalho,false,false,Cadastrado,,,,,false,2031-10-15,https://pergamum.anac.gov.br/arquivos/PA2021-6073.pdf,,true
11305,PA0312,,Privado,Fazenda Nova Esperança,SANTANA DO ARAGUAIA,PA,,,-9.008333,-50.9975,291.0,VFR,Sem Operação,16768,01/19,1200.0,18.0,4500.0,0.5,,Piçarra,false,false,Cadastrado,,,,,false,2032-01-24,https://pergamum.anac.gov.br/arquivos/PA2022-7002.pdf,,true
11343,RR0129,SJ3M,Privado,Condomínio Aeronáutico Monte Cristo,BOA VISTA,RR,,,2.936944,-60.725,82.0,VFR,Sem Operação,19925,10/28,500.0,18.0,5600.0,0.5,,Terra,false,false,Cadastrado,,,,,false,2032-09-28,https://pergamum.anac.gov.br/arquivos/PA2022-9236.pdf,,true
11364,PA0313,,Privado,TIÃO MACHADO,REDENÇÃO,PA,,,-8.089167,-49.975278,216.0,,,18684,02/20,900.0,18.0,5700.0,0.5,,Cascalho,,,Cadastrado,,,,,false,2032-05-24,https://pergamum.anac.gov.br/arquivos/PA2022-8077.pdf,,true
11449,RR0123,,Privado,AVIAÇÃO AGRÍCOLA MANAIN,BOA VISTA,RR,,,2.998611,-60.7225,87.0,,,14201,02/20,800.0,18.0,5700.0,0.5,,Cascalho,false,false,Cadastrado,,,,,false,2031-08-13,https://pergamum.anac.gov.br/arquivos/PA2021-5395.pdf,,true
11482,PA0314,,Privado,Gana Gold Mineração,ITAITUBA,PA,,,-6.373333,-56.266111,200.0,VFR,VFR,16621,01/19,1000.0,18.0,,,8/F/B/Y/U,Asfalto,false,true,Cadastrado,,,,,false,2032-01-13,https://pergamum.anac.gov.br/arquivos/PA2022-6931.pdf,,true
11642,AM0103,,Privado,POUSADA ACARÍ,NOVO ARIPUANÃ,AM,,,-5.777222,-59.9275,78.0,VFR,Sem Operação,15525,16/34,1000.0,18.0,5700.0,0.5,,Terra,false,false,Cadastrado,,,,,false,2031-12-13,https://pergamum.anac.gov.br/arquivos/PA2021-6543.pdf,,true
11884,PA0316,,Privado,Fazenda Boa Fé,ITAITUBA,PA,,,-7.423611,-56.338611,269.0,VFR,Sem Operação,15522,10/28,700.0,18.0,5700.0,0.5,,Cascalho,false,false,Cadastrado,,,,,false,2031-11-08,https://pergamum.anac.gov.br/arquivos/PA2021-6261.pdf,,true
11924,PA0317,,Privado,AERÓDROMO FAZENDA SÃO GERALDO II,GOIANÉSIA DO PARÁ,PA,,,-4.036944,-49.183611,,VFR,Sem Operação,15481,10/28,900.0,20.0,5700.0,0.5,,Terra,false,false,Cadastrado,,,,,false,2031-12-09,https://pergamum.anac.gov.br/arquivos/PA2021-6548.pdf,,true
11964,TO0100,,Privado,FAZENDA BAIXÃO VERDE,ALMAS,TO,,,-11.199722,-47.324167,547.0,VFR,,16182,05/23,1200.0,18.0,,,8/F/B/Y/U,Asfalto,,,Cadastrado,,,,,false,2031-12-23,https://pergamum.anac.gov.br/arquivos/PA2021-6651.pdf,,true
12004,RO0077,,Privado,Peça Rara Agropecuária I,ALTA FLORESTA D'OESTE,RO,,,-11.871944,-61.988889,461.0,,,20581,16/34,920.0,40.0,5700.0,0.5,,Terra,,,Cadastrado,,,,,false,2032-09-01,https://pergamum.anac.gov.br/arquivos/PA2022-8932.pdf,,true
12367,PA0318,,Privado,Fazenda Cristo Rei,PACAJÁ,PA,,,-3.561389,-50.633611,63.0,VFR,Sem Operação,17361,18/36,700.0,18.0,3500.0,0.5,,Piçarra,,,Cadastrado,,,,,false,2032-02-23,https://pergamum.anac.gov.br/arquivos/PA2022-7225.pdf,,true
12402,TO0102,,Privado,Fazenda Atlântida,NOVO JARDIM,TO,,,-11.803889,-46.543056,,VFR,VFR,15802,11/29,1400.0,18.0,5700.0,0.5,,Terra,false,true,Cadastrado,,,,,false,2031-11-30,https://pergamum.anac.gov.br/arquivos/PA2021-6482.pdf,,true
12403,TO0103,,Privado,Fazenda Ipiranga,ALMAS,TO,,,-11.663889,-47.177222,,VFR,Sem Operação,16101,07/25,1000.0,18.0,5700.0,0.5,,Terra,false,false,Cadastrado,,,,,false,2031-12-14,https://pergamum.anac.gov.br/arquivos/PA2021-6573.pdf,,true
12404,TO0104,,Privado,FAZENDA JÓIA,SANTA RITA DO TOCANTINS,TO,,,-10.84,-49.468333,193.0,VFR,Sem Operação,,,,,,,,,,,Cadastrado,,,,,false,2031-12-24,https://pergamum.anac.gov.br/arquivos/PA2021-6734.pdf,,true
12422,PA0319,,Privado,FAZENDA FARTURA,SANTANA DO ARAGUAIA,PA,,,-9.686389,-50.391944,198.0,,,,,,,,,,,,,Autorizado,,,,,false,,,,true
12427,TO0105,,Público,São Félix do Tocantins,SÃO FÉLIX DO TOCANTINS,TO,,,-10.138611,-46.649722,,,,,,,,,,,,,,Autorizado,,,,,false,,,,true
12462,TO0106,,Privado,Fazenda Círculo R,ARAGUAÇU,TO,,,-12.646667,-49.410833,233.0,VFR,Sem Operação,16422,11/29,800.0,18.0,5700.0,0.5,,Cascalho,,,Cadastrado,,,,,false,2032-01-05,https://pergamum.anac.gov.br/arquivos/PA2021-6817.pdf,,true
12582,PA0320,,Privado,ALDEIA XUIXUIMENE,ALMEIRIM,PA,,,0.851111,-54.650278,,,,,,,,,,,,,,Cadastrado,,,,,false,2032-02-15,https://pergamum.anac.gov.br/arquivos/PA2022-7174.pdf,,true
12602,PA0321,,Privado,ALDEIA KUXARÉ,ORIXIMINÁ,PA,,,1.703611,-56.068333,,VFR,Sem Operação,19005,02/20,600.0,18.0,5700.0,0.5,,Terra,false,false,Cadastrado,,,,,false,2032-06-30,https://pergamum.anac.gov.br/arquivos/PA2022-8298.pdf,,true
12603,PA0322,,Privado,ALDEIA URUNAI,ORIXIMINÁ,PA,,,1.520833,-56.082778,311.0,VFR,Sem Operação,15761,03/21,600.0,18.0,5700.0,0.5,,Terra,,,Cadastrado,,,,,false,2031-11-26,https://pergamum.anac.gov.br/arquivos/PA2021-6431.pdf,,true
12623,PA0254,,Privado,ALDEIA MATAWARÉ,ALMEIRIM,PA,,,1.951111,-55.1225,330.0,VFR,Sem Operação,15741,10/28,600.0,18.0,5700.0,0.5,,Terra,,,Cadastrado,,,,,false,2031-11-26,https://pergamum.anac.gov.br/arquivos/PA2021-6424.pdf,,true
12642,AP0021,,Privado,Aldeia Kumarumã,OIAPOQUE,AP,,,3.385833,-51.299444,,VFR,Sem Operação,16765,17/35,600.0,18.0,5700.0,0.5,,Terra,false,false,Cadastrado,,,,,false,2032-01-25,https://pergamum.anac.gov.br/arquivos/PA2022-6980.pdf,,true
12763,TO0107,,Privado,AERÓDROMO FAZENDA SÃO JOÃO,MARIANÓPOLIS DO TOCANTINS,TO,,,-9.725556,-49.779444,185.0,,,16986,06/24,1000.0,18.0,5700.0,0.5,,Cascalho,,,Cadastrado,,,,,false,2032-01-31,https://pergamum.anac.gov.br/arquivos/PA2022-7056.pdf,,true
12902,AM0104,,Privado,RICA,MAUÉS,AM,,,-6.015833,-58.077222,151.0,VFR,Sem Operação,17303,05/23,650.0,18.0,5700.0,0.5,,Cascalho,,,Cadastrado,,,,,false,2032-02-16,https://pergamum.anac.gov.br/arquivos/PA2022-7201.pdf,,true
12945,PA0324,,Privado,FAZENDA ORIENTAL,TOMÉ-AÇU,PA,,,-3.029814,-48.385,,VFR,Sem Operação,16684,06/24,900.0,18.0,4500.0,0.5,,Piçarra,,,Cadastrado,,,,,false,2032-01-24,https://pergamum.anac.gov.br/arquivos/PA2022-6962.pdf,,true
12962,RO0079,,Privado,FAZENDA LARANJEIRA,PIMENTA BUENO,RO,,,-12.220556,-60.443056,336.0,VFR,Sem Operação,16501,01/19,650.0,18.0,5700.0,0.5,,Cascalho,,,Cadastrado,,,,,false,2032-01-05,https://pergamum.anac.gov.br/arquivos/PA2021-6855.pdf,,true
12983,RO0080,,Privado,CONE SUL AVIAÇÃO AGRÍCOLA,CHUPINGUAIA,RO,,,-12.545833,-60.871667,372.0,VFR,Sem Operação,18021,11/29,800.0,18.0,5700.0,0.5,,Cascalho,,,Cadastrado,,,,,false,2032-04-20,https://pergamum.anac.gov.br/arquivos/PA2022-7683.pdf,,true
12984,RO0081,,Privado,FAZENDA BOM FUTURO,GOVERNADOR JORGE TEIXEIRA,RO,,,-10.6525,-62.896667,,,,,,,,,,,,,,Cadastrado,,,,,false,2032-01-25,https://pergamum.anac.gov.br/arquivos/PA2022-6968.pdf,,true
13042,PA0270,,Privado,FAZENDA CALIFÓRNIA,ALMEIRIM,PA,,,0.338611,-53.818056,,,,,,,,,,,,,,Cadastrado,,,,,false,2031-09-13,https://pergamum.anac.gov.br/arquivos/PA2021-5797.pdf,,true
13043,RO0069,,Privado,AERO AGRÍCOLA CÉU AZUL,VILHENA,RO,,,-12.734722,-60.199167,,,,,,,,,,,,,,Cadastrado,,,,,false,2031-09-17,https://pergamum.anac.gov.br/arquivos/PA2021-5845.pdf,,true
13084,TO0108,,Privado,FAZENDA ALEGRIA,CRIXÁS DO TOCANTINS,TO,,,-11.125,-49.118611,280.0,,,18741,12/30,900.0,20.0,5700.0,0.5,,Piçarra,,,Cadastrado,,,,,false,2032-06-07,https://pergamum.anac.gov.br/arquivos/PA2022-8130.pdf,,true
13122,AM0105,,Privado,Pista Pavarina,MAUÉS,AM,,,-5.98,-58.539722,131.0,VFR,Sem Operação,16301,13/31,700.0,18.0,4000.0,0.5,,Terra,false,false,Cadastrado,,,,,false,2032-01-04,https://pergamum.anac.gov.br/arquivos/PA2021-6739.pdf,,true
13123,TO0109,,Privado,FAZENDA MALASKA,MURICILÂNDIA,TO,,,-6.948056,-48.808611,198.0,VFR,Sem Operação,16686,06/24,800.0,18.0,5700.0,0.5,,Cascalho,,,Cadastrado,,,,,false,2032-01-24,https://pergamum.anac.gov.br/arquivos/PA2022-6959.pdf,,true
13124,PA0325,,Privado,FAZENDA SANTA MARIA,SANTA MARIA DAS BARREIRAS,PA,,,-8.571944,-50.305278,226.0,VFR,Sem Operação,16782,10/28,1000.0,18.0,5700.0,0.5,,Cascalho,,,Cadastrado,,,,,false,2032-01-24,https://pergamum.anac.gov.br/arquivos/PA2022-6989.pdf,,true
13125,PA0326,,Privado,FAZENDA TARUMÃ,SANTA MARIA DAS BARREIRAS,PA,,,-8.65,-50.875556,266.0,VFR,Sem Operação,16983,10/28,750.0,18.0,5700.0,0.5,,Cascalho,,,Cadastrado,,,,,false,2032-02-04,https://pergamum.anac.gov.br/arquivos/PA2022-7086.pdf,,true
13283,PA0327,,Privado,Bemisa,ÁGUA AZUL DO NORTE,PA,,,-6.863611,-50.465833,,,,,,,,,,,,,,Autorizado,,,,,false,,,,true
13403,PA0328,,Privado,FAZENDA TERRA BOA,SANTA MARIA DAS BARREIRAS,PA,,,-8.402778,-49.968333,,,,,,,,,,,,,,Autorizado,,,,,false,,,,true
13423,PA0329,,Privado,Fazenda Bom Jesus,VISEU,PA,,,-1.697778,-46.769722,87.0,,,17027,05/23,900.0,18.0,4000.0,0.5,,Cascalho,false,false,Cadastrado,,,,,false,2032-02-02,https://pergamum.anac.gov.br/arquivos/PA2022-7066.pdf,,true
13663,PA0330,,Privado,FAZENDA VALADARES,SÃO FÉLIX DO XINGU,PA,,,-6.254722,-51.525278,259.0,VFR,Sem Operação,16687,07/25,800.0,18.0,5700.0,0.5,,Cascalho,,,Cadastrado,,,,,false,2032-01-31,https://pergamum.anac.gov.br/arquivos/PA2022-6967.pdf,,true
13842,RO0082,,Privado,FAZENDA MANOA,CUJUBIM,RO,,,-8.883333,-62.661111,,,,,,,,,,,,,,Autorizado,,,,,false,,,,true
14031,PA0253,,Privado,Aldeia Marithepu,ORIXIMINÁ,PA,,,1.091389,-56.189444,,VFR,Sem Operação,16766,05/23,600.0,18.0,5700.0,0.5,,Terra,false,false,Cadastrado,,,,,false,2032-01-25,https://pergamum.anac.gov.br/arquivos/PA2022-6981.pdf,,true
14064,PA0331,,Privado,Prainha,PRAINHA,PA,,,-1.783889,-53.488889,46.0,VFR,Sem Operação,19821,10/28,900.0,18.0,5700.0,0.5,,Piçarra,false,false,Cadastrado,,,,,false,2032-07-14,https://pergamum.anac.gov.br/arquivos/PA2022-8484.pdf,,true
14085,PA0332,,Privado,Aldeia Boca do Marapi,ORIXIMINÁ,PA,,,0.611389,-55.976667,300.0,,,19024,18/36,500.0,18.0,5700.0,0.5,,Terra,false,false,Cadastrado,,,,,false,2032-06-22,https://pergamum.anac.gov.br/arquivos/PA2022-8306.pdf,,true
14202,TO0110,,Privado,FAZENDA PANSERA,CAMPOS LINDOS,TO,,,-8.016389,-46.637222,357.0,,,18301,11/29,1000.0,18.0,5700.0,0.5,,Terra,,,Cadastrado,,,,,false,2032-06-07,https://pergamum.anac.gov.br/arquivos/PA2022-8127.pdf,,true
14223,RR0133,,Privado,FAZENDA BRASÍLIA,ALTO ALEGRE,RR,,,3.212222,-61.095556,131.0,VFR,Sem Operação,23221,06/24,700.0,18.0,5700.0,0.5,,Cascalho,false,false,Cadastrado,,,,,false,2033-01-31,,,true
14246,RR0134,,Privado,Morada do Sol,BOA VISTA,RR,,,2.681111,-60.890556,82.0,VFR,Sem Operação,25422,12/30,700.0,18.0,5700.0,0.5,,Terra,false,false,Cadastrado,,,,,false,2032-10-18,https://pergamum.anac.gov.br/arquivos/PA2022-9488.pdf,,true
14267,PA0333,,Privado,FAZENDA SHALON,PRAINHA,PA,,,-1.145278,-53.723333,310.0,,,20661,15/33,900.0,18.0,5700.0,0.5,,Cascalho,,,Cadastrado,,,,,false,2032-09-01,https://pergamum.anac.gov.br/arquivos/PA2022-8896.pdf,,true
14302,TO0111,,Privado,MERLIN AGRO,MATEIROS,TO,,,-10.224167,-46.111944,798.0,,,18825,12/30,1100.0,20.0,5700.0,0.5,,Terra,,,Cadastrado,,,,,false,2032-06-07,https://pergamum.anac.gov.br/arquivos/PA2022-8141.pdf,,true
14324,AC0022,,Privado,DERACRE,RIO BRANCO,AC,,,-10.030278,-67.74,,,,,,,,,,,,,,Autorizado,,,,,false,,,,true
14382,RR0135,,Privado,FAZENDA CAJUEIRO,BOA VISTA,RR,,,2.937222,-60.993889,88.0,,,21781,09/27,1000.0,18.0,5700.0,0.5,,Cascalho,,,Cadastrado,,,,,false,2033-08-23,https://pergamum.anac.gov.br/arquivos/PA2023-12.111.pdf,,true
14403,AC0023,,Privado,Centro Integrado de Ensino e Pesquisa Francisco Mangabeira - CIEPS,RIO BRANCO,AC,,,-9.9725,-67.857778,,,,,,,,,,,,,,Autorizado,,,,,false,2033-01-02,https://pergamum.anac.gov.br/arquivos/PA2022-10147.pdf,,true
14423,RO0083,,Privado,FAZENDA GAUBA,PIMENTA BUENO,RO,,,-11.640556,-61.081667,,VFR,Sem Operação,18844,13/31,650.0,18.0,5700.0,0.5,,Cascalho,false,false,Cadastrado,,,,,false,2032-06-10,https://pergamum.anac.gov.br/arquivos/PA2022-8143.pdf,,true
14483,TO0112,,Privado,FAZENDA TALISMÃ,TALISMÃ,TO,,,-12.784722,-49.0075,286.0,,,21823,11/29,1000.0,18.0,5700.0,0.5,,Terra,,,Cadastrado,,,,,false,2032-10-27,https://pergamum.anac.gov.br/arquivos/PA2022-9540.pdf,,true
14505,PA0336,,Privado,TOCANTINZINHO,ITAITUBA,PA,,,-6.054722,-56.266389,,,,,,,,,,,,,,Autorizado,,,,,false,,,,true
14523,PA0334,,Privado,ALDEIA SANTO ANTONIO,ORIXIMINÁ,PA,,,0.921667,-55.760278,,VFR,Sem Operação,19046,03/21,500.0,18.0,5700.0,0.5,,Terra,false,false,Cadastrado,,,,,false,2032-07-12,https://pergamum.anac.gov.br/arquivos/PA2022-8318.pdf,,true
14524,PA0335,,Privado,ALDEIA PURURÉ,ALMEIRIM,PA,,,0.583333,-54.209722,,,,,,,,,,,,,,Autorizado,,,,,false,,,,true
14585,TO0113,,Privado,FAZENDA FLORES,PIRAQUÊ,TO,,,-6.569167,-48.212222,180.0,,,19303,18/36,900.0,18.0,5700.0,0.5,,Cascalho,,,Cadastrado,,,,,false,2032-07-06,https://pergamum.anac.gov.br/arquivos/PA2022-8434.pdf,,true
14603,AM0106,,Privado,FAZENDA PICA PAU,LÁBREA,AM,,,-9.421111,-65.556111,179.0,,,20582,05/23,1000.0,18.0,5700.0,0.5,,Cascalho,,,Cadastrado,,,,,false,2032-09-08,https://pergamum.anac.gov.br/arquivos/PA2022-8936.pdf,,true
14702,RO0084,,Privado,FAZENDA ÁGUA AZUL,NOVA MAMORÉ,RO,,,-10.236111,-64.743889,164.0,VFR,Sem Operação,20761,16/34,1000.0,18.0,5700.0,0.5,,Cascalho,false,false,Cadastrado,,,,,false,2032-09-29,https://pergamum.anac.gov.br/arquivos/PA2022 - 9022.pdf,,true
14722,AM0107,,Privado,MONTE SIÃO,NOVO ARIPUANÃ,AM,,,-8.689444,-61.406944,153.0,,,19245,17/35,600.0,18.0,5700.0,0.5,,Cascalho,,,Cadastrado,,,,,false,2032-07-01,https://pergamum.anac.gov.br/arquivos/PA2022-8425.pdf,,true
14883,RR0136,,Privado,Santa Maria do Boiaçu,RORAINÓPOLIS,RR,,,-0.517778,-61.787778,48.0,VFR,Sem Operação,19101,06/24,1000.0,18.0,5700.0,0.5,,Cascalho,false,false,Cadastrado,,,,,false,2032-06-30,https://pergamum.anac.gov.br/arquivos/PA2022-8340.pdf,,true
14905,PA0338,,Privado,Fazenda Sagrada Família,PARAGOMINAS,PA,,,-3.115556,-47.529722,147.0,,,18461,11/29,1200.0,23.0,5000.0,0.5,,Piçarra,,,Cadastrado,,,,,false,2032-06-20,https://pergamum.anac.gov.br/arquivos/PA2022-8263.pdf,,true
15127,RR0137,,Privado,Fazenda São José,CARACARAÍ,RR,,,1.758056,-61.164444,59.0,VFR,Sem Operação,25624,05/23,1000.0,18.0,5700.0,0.5,,Cascalho,,,Cadastrado,,,,,false,2033-06-21,https://pergamum.anac.gov.br/arquivos/PA2023-11.558.pdf,,true
15142,TO0114,,Privado,Aeródromo Uirapuru,CRIXÁS DO TOCANTINS,TO,,,-11.228925,-48.948611,,VFR,Sem Operação,,,,,,,,,,,Cadastrado,,,,,false,2033-04-17,https://pergamum.anac.gov.br/arquivos/PA2023-10.923.pdf,,true
15362,PA0341,,Privado,AERODROMO TRÊS IRMÃOS,ALENQUER,PA,,,-1.716389,-54.411944,,,,,,,,,,,,,,Autorizado,,,,,false,,,,true
15442,RR0138,,Privado,Hangar Du Fanta,CANTÁ,RR,,,2.783611,-60.5925,,,,,,,,,,,,,,Autorizado,,,,,false,,,,true
15783,PA0342,,Privado,Lagoa da Serra,ALTAMIRA,PA,,,-3.205,-52.431389,,VFR,Sem Operação,,,,,,,,,,,Cadastrado,,,,,false,2033-05-16,https://pergamum.anac.gov.br/arquivos/PA2023-11.231.pdf,,true
15943,PA0343,,Privado,FAZENDA SANTA MARTA,XINGUARA,PA,,,-7.007222,-49.966389,,,,,,,,,,,,,,Autorizado,,,,,false,,,,true
16002,PA0344,,Privado,FAZENDA DONA AUGUSTA,COLARES,PA,,,-0.980278,-48.289444,,,,,,,,,,,,,,Autorizado,,,,,false,,,,true
16003,PA0345,,Privado,Fazenda Central,MOJU,PA,,,-3.001389,-49.389444,64.0,VFR,Sem Operação,20521,10/28,1200.0,18.0,5700.0,0.5,,Cascalho,false,false,Cadastrado,,,,,false,2032-08-30,https://pergamum.anac.gov.br/arquivos/PA2022-8867.pdf,,true
16022,TO0115,,Privado,AGT AGROPECUÁRIA,ARAGUAÇU,TO,,,-12.813056,-49.569444,305.0,,,20921,14/32,750.0,18.0,5700.0,0.5,,Cascalho,,,Cadastrado,,,,,false,2032-10-24,https://pergamum.anac.gov.br/arquivos/PA2022-9519.pdf,,true
16122,PA0347,,Privado,Fazenda Sabran,CUMARU DO NORTE,PA,,,-9.283611,-51.360556,362.0,VFR,Sem Operação,20522,11/29,1000.0,18.0,5700.0,0.5,,Cascalho,false,false,Cadastrado,,,,,false,2032-08-30,https://pergamum.anac.gov.br/arquivos/PA2022-8868.pdf,,true
16226,AM0109,,Privado,MINERAÇÃO ROSA DE MAIO,MAUÉS,AM,,,-5.699722,-58.028333,150.0,VFR,Sem Operação,20821,18/36,700.0,18.0,5700.0,0.5,,Cascalho,false,false,Cadastrado,,,,,false,2032-09-13,https://pergamum.anac.gov.br/arquivos/PA2022-9039.pdf,,true
16248,TO0116,,Privado,Fazenda Colorado,ARAGUAÍNA,TO,,,-7.345556,-48.194167,280.0,,,21381,08/26,1198.0,18.0,5700.0,0.5,,Grama,,,Cadastrado,,,,,false,2033-02-09,https://pergamum.anac.gov.br/arquivos/PA2023-10.417.pdf,,true
16249,PA0349,,,Fazenda Santa Luzia,SÃO FÉLIX DO XINGU,PA,,,-9.343333,-51.745,287.0,VFR,Sem Operação,25365,02/20,1100.0,18.0,5700.0,0.5,,Cascalho,false,false,Cadastrado,,,,,false,2033-07-11,https://pergamum.anac.gov.br/arquivos/PA2023-11.822.pdf,,true
16263,AM0110,,Privado,FAZENDA CHAPADÃO DO APUÍ,APUÍ,AM,,,-6.831944,-59.306667,196.0,,,21361,14/32,1000.0,18.0,5700.0,0.5,,Cascalho,,,Cadastrado,,,,,false,2032-10-05,https://pergamum.anac.gov.br/arquivos/PA2022-9321.pdf,,true
16422,RO0085,,Privado,Fazenda Silveira,CUJUBIM,RO,,,-9.461111,-62.417222,184.0,VFR,Sem Operação,25342,01/19,1400.0,23.0,5700.0,0.5,,Terra,false,false,Cadastrado,,,,,false,2033-06-02,https://pergamum.anac.gov.br/arquivos/PA2023-11.432.pdf,,true
16423,PA0350,,Privado,FAZENDA BACABA - GRUPO IJP,SANTANA DO ARAGUAIA,PA,,,-9.320278,-50.239444,187.0,VFR,Sem Operação,20961,18/36,1100.0,23.0,5700.0,0.5,,Cascalho,,,Cadastrado,,,,,false,2032-09-29,https://pergamum.anac.gov.br/arquivos/PA2022-9129.pdf,,true
16522,TO0117,,Privado,FAZENDA VALE DA PECUÁRIA,ARRAIAS,TO,,,-12.621111,-46.833333,,,,,,,,,,,,,,Autorizado,,,,,false,,,,true
16784,AM0111,,Privado,Barreirinha,BARREIRINHA,AM,,,-2.796111,-57.056111,14.0,VFR,Sem Operação,23721,07/25,1100.0,23.0,,,8/F/B/Y/U,Asfalto,false,false,Cadastrado,,,,,false,2033-03-21,https://pergamum.anac.gov.br/arquivos/PA2023-10607.pdf,,true
16882,PA0354,,,Fazenda Pouso Alegre,SANTANA DO ARAGUAIA,PA,,,-9.445556,-50.873056,244.0,VFR,Sem Operação,23641,12/30,1000.0,18.0,5700.0,0.5,,Cascalho,,,Cadastrado,,,,,false,2033-03-02,https://pergamum.anac.gov.br/arquivos/PA2023-10537.pdf,,true
17003,TO0118,,Privado,DIAMANTE,LAGOA DA CONFUSÃO,TO,,,-10.813056,-49.653889,,,,,,,,,,,,,,Autorizado,,,,,false,,,,true
17023,TO0120,,Privado,MM,LAGOA DA CONFUSÃO,TO,,,-10.767778,-49.64,,,,,,,,,,,,,,Autorizado,,,,,false,,,,true
17082,TO0121,,Privado,FAZENDA GALILÉIA 2,ALMAS,TO,,,-11.436389,-47.125278,481.0,VFR,Sem Operação,,,,,,,,,,,Cadastrado,,,,,false,2033-05-18,https://pergamum.anac.gov.br/arquivos/PA2023-11.259.pdf,,true
17162,TO0122,,Privado,JOIA RARA,SÃO SALVADOR DO TOCANTINS,TO,,,-12.2775,-48.33,,,,,,,,,,,,,,Autorizado,,,,,false,,,,true
17222,RR0141,,Privado,FAZENDA FÊNIX,BONFIM,RR,,,3.448333,-60.079167,,,,,,,,,,,,,,Autorizado,,,,,false,,,,true
17322,PA0355,,Privado,SALVATERRA,SALVATERRA,PA,,,-0.848333,-48.535,,,,,,,,,,,,,,Autorizado,,,,,false,,,,true
17369,PA0356,,Privado,Fazenda Realeza,NOVO PROGRESSO,PA,,,-7.623889,-55.226667,252.0,VFR,Sem Operação,,,,,,,,,,,Cadastrado,,,,,false,3032-12-05,https://pergamum.anac.gov.br/arquivos/PA2022-9882.pdf,,true
17862,AP0022,,Privado,Aldeia Kumenê,OIAPOQUE,AP,,,3.489444,-51.484722,21.0,VFR,Sem Operação,21241,09/27,600.0,18.0,5700.0,0.5,,Terra,false,false,Cadastrado,,,,,false,2032-09-27,https://pergamum.anac.gov.br/arquivos/PA2022-9228.pdf,,true
18042,TO0087,,Privado,FAZENDA ÁGUA DAS TRÊS MENINAS,SÃO VALÉRIO,TO,,,-11.565833,-48.249444,251.0,,,21861,17/35,1000.0,15.0,5000.0,0.5,,Terra,,,Cadastrado,,,,,false,2032-12-22,https://pergamum.anac.gov.br/arquivos/PA2022-9872.pdf,,true
18182,TO0123,,Privado,Fazenda São Bento,ARAGUACEMA,TO,,,-8.973611,-49.448889,223.0,,,22761,10/28,1100.0,18.0,5700.0,0.5,,Cascalho,,,Cadastrado,,,,,false,2033-01-09,https://pergamum.anac.gov.br/arquivos/PA2022-10116.pdf,,true
18202,RO0086,,Privado,ACR/NBF MINERAÇÃO SA,ARIQUEMES,RO,,,-9.785,-63.518333,122.0,VFR,Sem Operação,23041,10/28,900.0,18.0,5700.0,0.5,,Cascalho,,,Cadastrado,,,,,false,2033-01-30,https://pergamum.anac.gov.br/arquivos/PA2023-10246.pdf,,true
18262,RR0143,,Privado,Fazenda Sonho Azul,SÃO JOÃO DA BALIZA,RR,,,0.816667,-59.853611,131.0,VFR,Sem Operação,23321,12/30,679.0,10.0,5700.0,0.5,,Piçarra,false,false,Cadastrado,,,,,false,2033-02-09,https://pergamum.anac.gov.br/arquivos/PA2023-10.389.pdf,,true
18503,RO0087,,Privado,Fazenda Vieira Munhoz,CANDEIAS DO JAMARI,RO,,,-9.195,-63.478611,91.0,VFR,Sem Operação,24063,02/20,900.0,18.0,5700.0,0.5,,Cascalho,false,false,Cadastrado,,,,,false,2033-03-29,https://pergamum.anac.gov.br/arquivos/PA2023-10.796.pdf,,true
18623,TO0124,,Privado,FAZENDA SANTA MARIA DO PALMAS,ARRAIAS,TO,,,-12.365278,-47.097222,,VFR,Sem Operação,,,,,,,,,,,Cadastrado,,,,,false,2033-06-02,https://pergamum.anac.gov.br/arquivos/PA2023-11.378.pdf,,true
18884,RO0088,,Privado,Associação Aerodesportivo de Espigão D'Oeste - AADEO,ESPIGÃO D'OESTE,RO,,,-11.5475,-61.023333,256.0,VFR,Sem Operação,,,,,,,,,,,Cadastrado,,,,,false,2033-05-23,https://pergamum.anac.gov.br/arquivos/PA2023-11.279.pdf,,true
19002,TO0125,,Privado,Fazenda Paraíso,PORTO NACIONAL,TO,,,-10.451944,-48.175278,689.0,VFR,Sem Operação,,,,,,,,,,,Cadastrado,,,,,false,2033-05-29,https://pergamum.anac.gov.br/arquivos/PA2023-11.353.pdf,,true
19082,PA0358,,Privado,BEMAD CAXIUANÃ,MELGAÇO,PA,,,-1.799722,-51.713611,20.0,VFR,Sem Operação,,,,,,,,,,,Cadastrado,,,,,false,2033-06-19,https://pergamum.anac.gov.br/arquivos/PA2023-11553.pdf,,true
19143,TO0126,,Privado,FAZENDA SANTA MARIA,SÃO VALÉRIO,TO,,,-11.64,-48.218333,274.0,VFR,Sem Operação,25541,01/19,1400.0,20.0,4000.0,0.5,,Terra,,,Cadastrado,,,,,false,2033-06-19,https://pergamum.anac.gov.br/arquivos/PA2023-11.542.pdf,,true
19202,PA0359,,Privado,SÃO SEBASTIÃO,PORTO DE MOZ,PA,,,-2.142778,-52.798056,80.0,VFR,Sem Operação,25661,10/28,800.0,18.0,3700.0,0.5,,Piçarra,false,false,Cadastrado,,,,,false,2033-08-02,https://pergamum.anac.gov.br/arquivos/PA2023-11.989.pdf,,true
19302,PA0360,,Privado,AERO AGROTERRA,RONDON DO PARÁ,PA,,,-4.712778,-48.039167,312.0,VFR,Sem Operação,25743,08/26,900.0,18.0,3700.0,0.5,,Piçarra,,,Cadastrado,,,,,false,2033-06-23,https://pergamum.anac.gov.br/arquivos/PA2023-11615.pdf,,true
19345,AM0112,,Privado,Autazes,AUTAZES,AM,,,-3.598333,-59.126111,21.0,VFR,Sem Operação,25841,07/25,1000.0,18.0,5700.0,0.5,,Terra,false,false,Cadastrado,,,,,false,2033-06-28,https://pergamum.anac.gov.br/arquivos/PA2023-11.624.pdf,,true
19346,TO0127,,Privado,FAZENDA PARANÃ,PARANÃ,TO,,,-12.606944,-47.998333,304.0,VFR,Sem Operação,25881,14/32,850.0,25.0,5700.0,0.5,,Terra,,,Cadastrado,,,,,false,2033-06-28,https://pergamum.anac.gov.br/arquivos/PA2023-11.638.pdf,,true
19447,PA0363,,Privado,Serra Azul,ITAITUBA,PA,,,-5.695556,-56.546389,142.0,VFR,Sem Operação,26341,17/35,800.0,18.0,4500.0,0.5,,Piçarra,,,Cadastrado,,,,,false,2033-07-12,https://pergamum.anac.gov.br/arquivos/PA2023-11.817.pdf,,true
19465,PA0361,,Privado,Fazenda São Vicente,RONDON DO PARÁ,PA,,,-4.630278,-48.087222,215.0,VFR,Sem Operação,26601,02/20,1000.0,23.0,5000.0,0.5,,Piçarra,,,Cadastrado,,,,,false,2033-07-25,https://pergamum.anac.gov.br/arquivos/PA2023-11.899.pdf,,true
19466,PA0362,,Privado,Fazenda Paraiso,SANTA LUZIA DO PARÁ,PA,,,-1.517778,-46.948611,,VFR,Sem Operação,26324,07/25,950.0,25.0,5700.0,0.5,,Piçarra,,,Cadastrado,,,,,false,2033-07-13,https://pergamum.anac.gov.br/arquivos/PA2023-11.808.pdf,,true
19482,PA0364,,Privado,FAZENDA FORTALEZA DO INAJÁ,SANTA MARIA DAS BARREIRAS,PA,,,-8.528889,-50.585833,,VFR,Sem Operação,26361,10/28,1000.0,18.0,5700.0,0.5,,Cascalho,,,Cadastrado,,,,,false,2033-07-19,https://pergamum.anac.gov.br/arquivos/PA2023-11.829.pdf,,true
19542,TO0128,,Privado,Tupirama,TUPIRAMA,TO,,,-8.977778,-48.225833,245.0,VFR,Sem Operação,26541,14/32,1500.0,30.0,,,12/F/B/Y/U,Asfalto,false,false,Cadastrado,,,,,false,2033-07-20,https://pergamum.anac.gov.br/arquivos/PA2023-11.875.pdf,,true
19543,PA0365,,Privado,FAZENDA ESTRELA DO ARAGUAIA,FLORESTA DO ARAGUAIA,PA,,,-7.461111,-49.360556,153.0,VFR,Sem Operação,26521,05/23,1000.0,18.0,5700.0,0.5,,Cascalho,false,false,Cadastrado,,,,,false,2033-07-19,https://pergamum.anac.gov.br/arquivos/PA2023-11.870.pdf,,true
19582,PA0366,,Privado,AEROJET,CONCEIÇÃO DO ARAGUAIA,PA,,,-7.943333,-49.675556,,VFR,Sem Operação,26583,04/22,850.0,20.0,5700.0,0.5,,Terra,,,Cadastrado,,,,,false,2033-07-25,https://pergamum.anac.gov.br/arquivos/PA2023-11.897.pdf,,true
19625,PA0368,,Privado,CHÁCARA ARAGUAIA,XINGUARA,PA,,,-6.882222,-49.157222,,VFR,Sem Operação,26701,12/30,950.0,18.0,5700.0,0.5,,Cascalho,,,Cadastrado,,,,,false,2033-07-26,https://pergamum.anac.gov.br/arquivos/PA2023-11.934.pdf,,true
19743,RO0089,,Privado,FAZENDA MILLIATI,PORTO VELHO,RO,,,-9.124722,-63.932222,120.0,VFR,Sem Operação,27061,01/19,1100.0,20.0,5700.0,0.5,,Cascalho,,,Cadastrado,,,,,false,2033-08-09,https://pergamum.anac.gov.br/arquivos/PA2023-12.032.pdf,,true
19802,PA0369,,Privado,SANTA MARIA DAS BARREIRAS,SANTA MARIA DAS BARREIRAS,PA,,,-8.850278,-49.725833,172.0,VFR,Sem Operação,27195,09/27,1400.0,23.0,5700.0,0.5,,Cascalho,,,Cadastrado,,,,,false,2033-08-23,https://pergamum.anac.gov.br/arquivos/PA2023-12.091.pdf,,true
19903,PA0370,,Privado,Fazenda Ouro Preto,CUMARU DO NORTE,PA,,,-7.89,-50.702778,307.0,VFR,Sem Operação,27361,02/20,800.0,18.0,5700.0,0.5,,Cascalho,false,false,Cadastrado,,,,,false,2033-08-24,https://pergamum.anac.gov.br/arquivos/PA2023-12.138.pdf,,true
20026,PA0371,,Privado,Fazenda São Pedro,NOVO PROGRESSO,PA,,,-9.460556,-54.7575,508.0,VFR,Sem Operação,27601,12/30,1100.0,18.0,5700.0,0.5,,Cascalho,false,false,Cadastrado,,,,,false,2033-08-30,https://pergamum.anac.gov.br/arquivos/PA2023-12.226.pdf,,true
